"seller_id","delivery_quality_orders","review_quality_orders","late_delivery_rate","avg_review_score"
b39d7fe263ef469605dbb32608aee0af,40,39,0.0500,4.00
"71039d19d4303bf9054d69e9a9236699",34,34,0.2059,3.88
"3fd1e727ba94cfe122d165e176ce7967",34,34,0.2059,4.00
"2d2c62bef4c8ba0dd74e0e228e808539",16,16,0.1250,4.13
"3092c0b297aacfb4bb6e056ebe13b9b8",14,14,0.0000,4.43
"610f72e407cdd7caaa2f8167b0163fd8",15,15,0.1333,3.80
"82bd0703a4aefd6b599e5bfdaed378fb",19,19,0.0526,4.11
f5f1f2c5f923f36ad79ea1d07185ddc9,10,10,0.1000,3.70
"638cba8be1fb599bbb76fd6948351eb3",16,16,0.0000,4.69
"670a9dda115b5a88b18cfadee8de2332",11,11,0.0000,4.45
"06e5eefc71ec47ae763c5c6f8db7064f",88,86,0.0000,3.95
"5011f0d93373a4c5753adf58ca77af8d",11,11,0.0909,4.09
b92e3c8f9738272ff7c59e111e108d7c,59,59,0.0339,4.19
"431050a06a317f2b38168dec3dcd2b46",10,10,0.0000,4.50
"04e38a233f726ef161074ab1c9b0399a",19,19,0.0526,4.11
da6a60cc8cc724fe51be021ff8be779c,12,12,0.0000,4.75
"70849ca4f400aaabb62cb7462a6f1428",12,12,0.1667,4.42
"1987cd4be10fe09ee50454f9c354d1c6",14,14,0.0714,4.36
"4a3ca9315b744ce9f8e9374361493884",1673,1655,0.1004,3.91
f9244d45189d3a3605499abddeade7d5,20,20,0.0000,4.35
"0adac9fbd9a2b63cccaac4f8756c1ca8",103,103,0.0583,4.15
"594f9aaa48e5bf431f011ddc5669b0d5",37,37,0.0270,4.59
"99002261c568a84cce14d43fcffb43ea",35,35,0.0571,3.69
ebd2d60905fb58271facef5596b620d3,80,80,0.0375,4.24
"056b4ada5bbc2c50cc7842547dda6b51",64,63,0.1094,4.21
f262cbc1c910c83959f849465454ddd3,188,187,0.0745,4.18
fbc14c0cf93505ef89f64665ffa4a7b5,17,16,0.0588,4.13
"9d39404483343dd55c7ae254494d8388",10,10,0.1000,3.50
"406822777a0b9eb5c50e442dd4cd3ec5",44,43,0.1136,4.33
ceaec5548eefc6e23e6607c5435102e7,197,194,0.0508,4.20
d379f449f2a3b271bc01c0782020f705,27,27,0.0370,4.00
ce69a8021d18961dd2a40269b7c2c293,18,18,0.0556,4.67
"002100f778ceb8431b7a1020ff7ab48f",48,48,0.1875,4.00
"8b321bb669392f5163d04c59e235e066",917,913,0.0872,4.12
"67bf6941ba2f1fa1d02c375766bc3e53",15,15,0.0667,4.33
"6d803cb79cc31c41c4c789a75933b3c7",58,58,0.0690,4.25
dbb9b48c841a0e39e21f98e1a6b2ec3e,103,103,0.0388,4.30
"51e4e89242cbb846c2deff3dc015650e",16,16,0.0000,4.63
cfa5ab0e4d3fc212fd0b3410e7081c62,14,14,0.0000,4.07
"68f86ba270525243e68ae74044f992b9",10,10,0.0000,4.50
a5a1bfcf728ab0e19182959cf0771ee4,19,19,0.0526,4.32
"2199e7fe213c16213bf5d6a7eadc9a5d",24,24,0.0417,4.38
e7d5b006eb624f13074497221eb37807,28,28,0.0714,3.93
cac4c8e7b1ca6252d8f20b2fc1a2e4af,69,68,0.1739,3.68
c9c7905cffc4ef9ff9f113554423e671,125,125,0.0800,4.15
"88460e8ebdecbfecb5f9601833981930",227,226,0.1850,3.52
"89bc797e2e29667aa035d4368f9b7f92",16,16,0.1875,3.88
"82cb9f452fe8334df74b22d37824b431",13,13,0.0000,4.69
"542917da124346b47ea1ac79a93ce454",19,19,0.0526,4.11
"3d8fa2f5b647373c8620330c4e077a9f",41,40,0.0244,4.29
"8a432f4e5b471f8da497d7dc517666e2",89,88,0.0225,4.31
c794dab4928dd97beb41d05514441e86,16,16,0.1250,4.38
"8b28d096634035667e8263d57ba3368c",135,133,0.1111,4.06
a6bd7d1ccdac48c6b33b28596b7eb122,13,12,0.0769,3.92
dc317f341ab0e22f39acbd9dbf9b4a1f,54,54,0.0556,4.15
"8b9d6eec4a7eb7d0f9d579ce0b38324d",44,44,0.1591,4.27
a36b125ac6d5fdbc7f50de85c9157bdc,23,23,0.0870,3.96
"9c068d10aca38e85c50202e17b4a7e88",14,13,0.2143,4.31
"7c67e1448b00f6e969d365cea6b010ab",963,957,0.0924,3.51
"5b33b527da3c5b969cc99dc435cad09a",16,16,0.0625,4.13
ccb83a794700270fde70898fe9ff368b,12,12,0.1667,4.33
cb6c9f5888a7a090c75beaf615925792,10,10,0.0000,4.10
b19f3ca2ea475913750f25a5c37c8d8f,18,18,0.3333,3.39
b18dc380845b24038cfc48006478f099,43,42,0.1163,4.21
"7f152321c60a266edc53af1925ef96c1",19,19,0.3158,3.95
"8ed8ea9a57c862f2c18c2fe41f601d56",19,19,0.0000,4.47
"5882820ef11c4c068eea0677a7a879b4",14,13,0.0000,4.15
"530ec6109d11eaaf87999465c6afee01",94,94,0.0106,4.34
"236585a4ddb5fea9fa40233e2249ed91",11,11,0.0909,4.09
"60562ab00b8054280520d390c8c0045c",17,17,0.0000,4.76
"6806dad1da97bfb5a9038eac6881f706",10,10,0.0000,3.95
d13e50eaa47b4cbe9eb81465865d8cfc,66,66,0.0909,4.82
"5b925e1d006e9476d738aa200751b73b",63,63,0.0635,4.60
"784ba75dd9d20200c4caed3d7a77141a",19,19,0.1053,4.13
"95ec4458365c4d11f452ccf538377619",24,23,0.0417,4.74
"7238a95bb63ef7e498389fb863b834a1",15,15,0.0000,4.73
"63b464dbf392c7b80d12d932fa7cafed",36,36,0.0556,3.86
"671585f5a2af58b6e276bc01003c0d2b",27,27,0.0000,4.70
d93844a9c55ba7ce353388bcf849ea56,12,12,0.0000,4.25
"99a54764c341d5dc80b4a8fac4eba3fb",41,40,0.1220,3.70
e7df4cd29ab5abab70fb0783ddb53987,22,22,0.0909,4.36
"5075aaa8404020ae6aa8bf4792099b41",10,10,0.0000,3.90
"8ae520247981aa06bc94abddf5f46d34",65,65,0.0000,4.45
"5b07547f10dd980738a1a27f685af669",13,13,0.1538,4.46
d3f39f05462b79a4562d35893a28f159,30,30,0.1333,3.80
"59cea8e446d3834393058e7e0666b6fb",10,10,0.0000,4.60
fcb5ace8bcc92f75707dc0f01a27d269,58,57,0.0345,4.04
dc8798cbf453b7e0f98745e396cc5616,35,35,0.0571,3.37
"39d54ff918774174706fb065d7f9dc07",20,20,0.1000,4.30
e883aa812c37a7413226856f4579fe91,26,26,0.0385,4.15
"0ef83d7d83ed97cd2a0049ac8be5f88a",46,45,0.0217,4.24
"08d2d642cf72b622b14dde1d2f5eb2f5",16,16,0.1250,4.31
"54a1852d1b8f10312c55e906355666ee",197,196,0.0761,4.37
fb89df7f89fd1b8f03fa2acca1ba7364,22,22,0.0909,3.86
"59cd88080b93f3c18508673122d26169",10,10,0.1000,4.70
"3f3486b61f45078d4f31ee5e43d8c5bb",39,39,0.1026,4.33
"093805f8f2aeb63881444571e1f48f30",22,22,0.0455,4.18
"062ce95fa2ad4dfaedfc79260130565f",52,52,0.0385,4.10
c3867b4666c7d76867627c2f7fb22e21,221,220,0.1131,4.10
f680f85bee2d253556ac91be391d2c82,45,45,0.0222,4.33
e9bc59e7b60fc3063eb2290deda4cced,200,200,0.0800,4.11
bd697db56ff8e7c9cd1abeb7f72029b2,20,20,0.0000,4.45
"3be634553519fb6536a03e1358e9fdc7",77,77,0.0779,4.09
"2089a6d640999f9b9141ac719b2af596",40,40,0.1250,4.00
"8fdca8e349553f99bc738833a62c8802",22,21,0.0455,4.19
"7b1222c3624aa89b9558b50a2594188c",22,22,0.1364,4.45
ea67327e24487bdfac5fbfa37ea124df,30,30,0.0333,3.70
"20d83f3ef0e6925fd74bfd59170babf7",34,34,0.0588,4.47
"537eb890efff034a88679788b647c564",148,148,0.0405,4.31
"1cbd32d00d01bb8087a5eb088612fd9c",11,11,0.0909,4.18
"45ba18c210d42734ec52c0c1c574e9ee",33,33,0.0303,4.24
"6fd52c528dcb38be2eea044946b811f8",67,66,0.1343,3.39
"5cbbd5a299cab112b7bf23862255e43e",33,33,0.0000,4.42
b5e3e38609125694d2ea2417522a60b7,16,16,0.1250,4.31
"1c40343cc5d18c2d8248ac2f3366de34",18,18,0.1111,4.56
e0878efa0e0b7e5313ac0b43bc04c081,26,26,0.1538,3.62
"54583ab379489add547fe47b628db589",10,10,0.0000,4.80
"96493fab2fbb13a14d0c0e8772eef5c3",63,62,0.0635,4.06
"7139dc5186aa238b006e066d8fbab2e4",22,21,0.1364,4.00
"244c2f1bff6afe1f2eaf9bfe9b2aed38",23,23,0.0870,3.78
d2e753bb80b7d4faa77483ed00edc8ca,11,11,0.0909,4.00
"710e3548e02bc1d2831dfc4f1b5b14d4",129,128,0.0388,3.44
"82e0a475a88cc9595229d8029273f045",40,40,0.1000,3.68
a17f621c590ea0fab3d5d883e1630ec6,58,56,0.0690,4.25
"17ca9b9e9b9ef8fdb529001b49ebb50f",112,112,0.0089,4.08
c68fb906c8f4b4b946d8386bfa6e5467,45,44,0.0222,4.52
"36a968b544695394e4e9d7572688598f",146,146,0.0342,3.74
"7040e82f899a04d1b434b795a43b4617",203,201,0.0788,3.64
"8daab2245ebdc277c51098d01c5ad8ef",16,16,0.0000,4.63
"26d6bbee02420494d471c9f6436929c0",12,12,0.0000,4.67
d12c926d74ceff0a90a21184466ce161,74,74,0.0135,4.36
cc419e0650a3c5ba77189a1882b7556a,1646,1642,0.0529,4.16
"20cb7c2fde3e5bf10f0bbe7394e1c6a9",31,31,0.0968,4.10
"8090490573c6c0aa343a7231ebcb8c86",26,26,0.0769,4.19
"282f23a9769b2690c5dda22e316f9941",97,97,0.0412,4.38
"4e5725ba188db8252977a4f0227bd462",21,21,0.2381,3.52
e96498ed8daaa3e9c23f7a62da76591c,34,34,0.1471,3.94
"058cb5aeb36d7c0fcae20fc85d5e0a59",11,11,0.0909,3.82
"2ff97219cb8622eaf3cd89b7d9c09824",85,85,0.0353,4.55
b1fecf4da1fa2689bccffa0121953643,19,19,0.0000,4.95
ff4e2d38692ce827b1a4f4b8196e680d,11,11,0.0000,4.27
ffa6adafb71b807dc13159e26431354c,17,17,0.0000,3.94
"850913d59ce317156b00f3705f1c3edb",28,28,0.1786,3.64
c66dccfb3f109511246da627dd5a2498,42,42,0.0476,4.60
"6061155addc1e54b4cfb51c1c2a32ad8",27,27,0.0370,4.78
b2ba3715d723d245138f291a6fe42594,320,317,0.0688,4.23
"813348c996469b40f2e028d5429d3495",170,167,0.0471,4.08
"44073f8b7e41514de3b7815dd0237f4f",141,140,0.0355,3.74
df56d7b40d437f88407c5f78b63bc328,22,22,0.0455,4.09
"02f623a8eb246f3c5f7c2f96462654e6",44,43,0.0682,4.56
"6a8a889bde935bafa76d7848782dfaf9",25,25,0.0800,4.16
"9d4db00d65d7760644ac0c14edb5fd86",97,96,0.0412,4.54
"5a413ade68e8f8d93071a7f52a64cb9e",14,14,0.0714,4.64
"73a63f72308aa20a46f4b1632018f196",23,22,0.0000,4.41
"2b3e4a2a3ea8e01938cabda2a3e5cc79",51,51,0.0000,4.43
"8931a84a914b3fe9b1ddaa4d704947ca",29,28,0.0690,4.07
"8cbac7e12637ed9cffa18c7875207478",64,64,0.0625,4.27
c70c1b0d8ca86052f45a432a38b73958,258,256,0.0543,4.38
"86bb7c4b535e49a541baf3266b1c95b1",16,15,0.1875,3.20
c4fb51fb1c5b7c07bc5e67be6e7e8f6e,15,15,0.1333,3.53
aced59e9b31ef866a94f9e7f29d8d418,57,57,0.0351,4.49
cc3d14116804f7209f3884f6367f1152,26,26,0.0000,4.62
df91910b6a03bb2e3358fa6a35e32f6f,12,12,0.0000,4.75
"1660ad786c27fd935378b6192a90b417",11,11,0.0909,4.91
"432c37c9dfba871172ec162e20118b8c",44,44,0.0909,4.25
"323ce52b5b81df2cd804b017b7f09aa7",29,28,0.1379,4.43
"55a5b51f93f2b70ea513f5a047b0262a",38,38,0.0263,4.53
"0ac4201fda2c68ebc0e47cb9423cf3c9",13,13,0.0769,4.23
"63a79f5a7eb5cb48a7e5787b141c7993",10,10,0.0000,4.50
dfc5fb7259bb2b599ca565e6e9448f0f,30,30,0.0333,4.30
"4305fe92735c8a43d154ff6dd2b8d927",17,17,0.0000,4.18
"9616352088dcf83a7c06637f4ebf1c80",91,91,0.0000,4.34
"1c5e4e49b9079480255b49d50aac1aa9",12,12,0.0000,4.33
"75fbb52eda0cbc24f479d3b2fbfa8d3e",37,37,0.0541,4.43
f84a00e60c73a49e7e851c9bdca3a5bb,87,87,0.1034,3.89
d650b663c3b5f6fb392b6326366efa9a,56,56,0.0536,4.43
a3e9a2c700480d9bb01fba070ba80a0e,118,117,0.0932,4.07
ff063b022a9a0aab91bad2c9088760b7,91,91,0.0330,4.38
"7299e27ed73d2ad986de7f7c77d919fa",330,330,0.0424,4.43
"2e3be8a987a30d7544dbbda6861cc14e",14,14,0.0714,3.79
"3bb548e3cb7f70f28e3f11ee9dce0e59",42,42,0.0000,4.36
b94cc9f10ddc85e4ba73a6f7974e7101,39,37,0.0513,4.30
"0417b067eeab773d2f7061a726dc477f",13,13,0.2308,3.92
"8f78f0903005064036736c7173a5c2ed",13,13,0.0000,3.77
d4910f1cdcfdabd48d6b316e395d4a23,11,11,0.0000,4.91
"4736e9d642ef4257cd7622516931eb51",16,16,0.0000,4.13
"3f995f07c49d0d55a99d5c54957f7d81",43,43,0.0233,4.21
"6860153b69cc696d5dcfe1cdaaafcf62",74,73,0.0811,4.10
"15cd6eefe58588619aaed41dfa6621b1",15,15,0.0667,4.47
"4869f7a5dfa277a7dca6462dcf3b52b2",1111,1103,0.1062,4.18
c826c40d7b19f62a09e2d7c5e7295ee2,344,343,0.0756,4.14
"128f9bfbe4c7d5185033914b1de3d39a",13,13,0.0769,4.77
"6a51fc556dab5f766ced6fbc860bc613",24,24,0.0833,4.00
c013e57c075a06e5b5c48ee03c525719,40,40,0.0500,4.30
"3785b653b1b82de85ab47dd139938091",20,20,0.0000,4.70
cb5df0dcb9e280b1780e9d589889f2c7,11,10,0.1818,3.40
"2b1a40c1daabc6ca280c4b815c101841",22,22,0.0455,3.82
"45d33f715e24d15a6ccf5c17b3a23e3c",51,51,0.0588,4.41
b335c59ab742f751a85db9c411a86739,29,29,0.0345,4.03
ff69aa92bb6b1bf9b8b7a51c2ed9cf8b,20,20,0.2000,3.65
"17e34d8224d27a541263c4c64b11a56b",246,244,0.0772,4.26
"5dceca129747e92ff8ef7a997dc4f8ca",317,313,0.0568,4.03
"7178f9f4dd81dcef02f62acdf8151e01",202,201,0.0347,4.06
d9bd94811c3338dceb4181f3dbc0c73e,54,54,0.0556,4.80
"6edacfd9f9074789dad6d62ba7950b9c",196,196,0.0459,4.47
"5bc24d989e71e93c33e50a7782431b0e",17,17,0.0000,4.35
c8417879a15366a17c30af34c798c332,24,23,0.0417,4.26
d4e12e7884759a14fa0f5f896c791cae,29,29,0.0690,4.62
"0eaa7e33d73809f1f925f7d07c506cbd",15,14,0.0000,4.71
"40db9e9aa57f7bb151bcda6b0f9bdbb7",12,11,0.0833,2.36
b410bdd36d5db7a65dcd42b7ead933b8,42,42,0.0000,4.81
"7ade73f1b9b4e965f9009a4c3a7e2c15",25,25,0.0000,4.84
dfa0c4c6229ab200a4a1336b4d7128ff,72,72,0.0139,4.15
"25e47381a6c510ddeb36084e33b89f0c",16,16,0.0000,4.25
cd68562d3f44870c08922d380acae552,122,121,0.1557,4.02
"3d871de0142ce09b7081e2b9d1733cb1",1044,1033,0.0556,4.21
"66922902710d126a0e7d26b0e3805106",148,147,0.0743,4.52
"80e6699fe29150b372a0c8a1ebf7dcc8",94,93,0.0319,4.41
"4559697a8f7e637227c2eeaed843baff",39,39,0.0769,4.21
d93919c944be9cff128f6c9cb899eacb,33,33,0.1515,4.00
b8630e1121437d41cb08e3c749c2c2e2,12,12,0.0833,4.33
"3c010235b7345c92f125d14ee232a76b",15,15,0.0000,4.67
bba3293d6f5d5af2f415e004e8b93ae3,17,17,0.0588,4.29
"343e716476e3748b069f980efbaa294e",16,15,0.0625,4.27
"2f74af7a0ee5636f12c2336f9fffed47",13,13,0.0000,4.31
e2aee0892199b1d92530e371abd825bf,34,34,0.1471,3.94
"72bc2cce903c872fe376a8faaa81d237",17,17,0.0000,4.65
"7008613ea464bad5cb9b83456e1e6a8f",123,122,0.0488,4.28
f7720c4fa8e3aba4546301ab80ea1f1b,57,57,0.0526,4.29
"4c2b230173bb36f9b240f2b8ac11786e",253,249,0.0949,3.99
"1da366cade6d8276e7d8beea7af5d4bf",41,40,0.0732,4.05
"77fccaae319668a8ab6cd0fd16aec48c",11,11,0.0000,4.45
afa6714acee029b2dfdf357e5579cc03,16,16,0.1250,4.25
ef506c96320abeedfb894c34db06f478,309,307,0.0809,3.98
"955fee9216a65b617aa5c0531780ce60",1252,1244,0.0615,4.21
"951e8cef368f09bb3f3d03c00ca4702c",59,57,0.0678,4.21
"89a51f50b8095ea78d5768f34c13a76f",10,10,0.0000,4.70
e38db885400cd35c71dfd162f2c1dbcf,30,30,0.1000,4.47
"9b013e03b2ab786505a1d3b5c0756754",167,166,0.0419,4.25
"9baf5cb77970f539089d09a38bcec5c3",31,31,0.0000,4.42
"02dcd3e8e25bee036e32512bcf175493",13,13,0.3077,4.08
"5656537e588803a555b8eb41f07a944b",169,169,0.0533,3.91
ad97a199236354e53fcd91a5a913e9a2,16,16,0.1250,4.50
a2deecd5398f5df4987110c80a1972a3,13,13,0.0000,4.27
e601b04acf48b4576e73ddca9481f0dc,14,14,0.0000,4.29
"1336efc61c316ddf92c899eb817f7cae",66,66,0.0909,4.26
"8c16d1f32a54d92897cc437244442e1b",106,105,0.0094,4.40
"0c8380b62e38e8a1e6adbeba7eb9688c",170,169,0.0529,4.12
"41b39e28db005d9731d9d485a83b4c38",176,176,0.0511,4.23
d66c305afaec317ebee552073a674429,37,37,0.0270,4.57
"42fa4ee7240e9b8eb4576358ec142ba7",21,20,0.0000,4.80
"3078096983cf766a32a06257648502d1",56,56,0.0357,4.30
"0df3984f9dfb3d49ac6366acbd3bbb85",83,83,0.0120,4.46
"1eade46fba20122dc4aefb379f8c636b",58,58,0.1207,4.43
"1dcfa3835714681d4ba4a93bc1e0fd41",12,11,0.0000,4.27
"0249d282d911d23cb8b869ab49c99f53",10,10,0.2000,4.50
"968268a686aa05d1f529fb07dff08130",12,12,0.0000,3.50
ed4acab38528488b65a9a9c603ff024a,31,31,0.0000,3.81
e24fc9fcd865784fb25705606fe3dfe7,51,51,0.0784,4.16
"004c9cd9d87a3c30c522c48c4fc07416",155,153,0.0645,4.16
c8b0e2b0a7095e5d8219575d5e7e1181,82,81,0.0732,4.11
"5b67882648febfb6e1225e6ad7164f6b",25,25,0.0400,4.08
"87142160b41353c4e5fca2360caf6f92",301,300,0.0399,4.43
"609e1a9a6c2539919b8205cf7c4e6ff0",78,76,0.0128,3.97
e64d65bc8dbec2accda90c58de5d1246,12,12,0.2500,3.08
"62c50c1af4dfdc4149d25c5222043d39",12,12,0.0000,4.08
"8648b1e89e9b349e32d3741b30ec737e",91,91,0.0989,4.16
"3c4e0452bff7a2a788179488d3d77032",32,31,0.0313,3.84
f593898ec748b7a8cb81fc04edafd98a,18,18,0.1667,3.61
"30a81d8cf85fb2ada1b1b094c9583a95",17,17,0.0000,4.82
ec4608a1f76453166bb312b2968aeaf4,15,15,0.2000,3.47
"55bb6fe5bebe5012e2d7d9928e1128ff",15,15,0.1333,3.47
dbd66278cbfe1aa1000f90a217ca4695,83,83,0.0361,4.54
"33ac3e28642ab8bda860a2f693000e78",33,33,0.0000,4.30
"57e632711dec9ec14ca7546769483e7e",60,60,0.0000,4.43
"974cf2cb8f4b7add98709c30df02fe10",30,30,0.0333,4.17
"8602a61d680a10a82cceeeda0d99ea3d",12,12,0.0000,4.58
febab0275244b9a49a623f0bd613ca2f,98,98,0.0408,4.51
"8ca1551acf9832a4cf467bbbac15851f",10,10,0.1000,4.20
b9a03475e6447e631b6799ec8274800f,10,10,0.0000,4.20
db4350fd57ae30082dec7acbaacc17f9,128,127,0.0391,4.24
"1dfe5347016252a7884b694d4f10f5c4",18,18,0.2778,3.44
"1f50f920176fa81dab994f9023523100",1364,1359,0.0909,4.18
aae3bfea055532c57fb453ed3ec80b30,47,46,0.0000,3.65
b561927807645834b59ef0d16ba55a24,82,82,0.1463,4.33
"2138ccb85b11a4ec1e37afbd1c8eda1f",374,373,0.0481,3.99
"788e857f317e53de488d393e65a80f45",11,11,0.0000,4.91
c4d51195486dc781531876a7d00453d8,17,17,0.2941,3.94
"165b1235e9e9942cb5fae67103576fb0",11,11,0.0909,4.36
"141440cad9341e553f8401c574a2aa38",11,11,0.0000,4.45
"701938c450705b8ae65fc923b70f35c7",74,73,0.0405,4.00
"95f83f51203c626648c875dd41874c7f",44,44,0.0227,3.70
"91f0eec23d4a61d7d7caeefa3f0ad1ca",11,11,0.2727,3.55
"07bf9669d84d1f11be443a9dd938f698",18,18,0.0000,3.72
"23a0ffca143a15b9b5bbdb7d552f626a",22,22,0.1364,3.95
"01fd077212124329bac32490e8ef80d9",29,29,0.0345,4.34
a3f0b55de503387383c7b1de3ad7f678,23,23,0.0435,4.39
bd1d49a326abfa9b1036772e40445430,12,12,0.0833,4.08
"7722b1df1b0e383e000397b2c11e3e19",126,126,0.0317,4.28
e8b4225284fbb02d16f200513f1f395d,30,30,0.1000,4.30
d05ae8f7a5bd1d2a690a44cd079e4e27,75,74,0.0667,3.95
"522620dcb18a6b31cd7bdf73665113a9",170,167,0.0882,3.92
c26a2be5b53b7db6b276280da212a779,13,13,0.0000,3.38
"4200ddf1967c5e41e48db62bc6d4b5ac",20,17,0.0500,4.41
"83645b1645cdee8953ee54c29ceed564",14,14,0.0000,4.43
bf3c6d2a28b2b5501e6c15448982dcc9,35,35,0.0286,4.60
b2c97074649f92197d9387d9033dda5f,10,10,0.1000,4.70
"0b90b6df587eb83608a64ea8b390cf07",158,157,0.0380,4.07
"850f4f8af5ea87287ac68de36e29107f",182,179,0.0495,4.34
"8581055ce74af1daba164fdbd55a40de",375,374,0.0827,4.32
"054694fa03fe82cec4b7551487331d74",20,20,0.3000,3.40
"7e26c750b4cb9f6766f58265ff9ebe95",23,23,0.0000,4.43
"6b3bd31ad8fcda4b2635ec9f3ff2ecdf",30,30,0.1000,4.40
"3bdff180c7e1f6551a643b99c265a120",56,55,0.0179,4.25
"2a5b78b41cd05baeac8df54c6606b92c",45,45,0.0222,4.53
"5f26c1408a65b42a7224cd463bdf3292",10,10,0.0000,4.80
"688756f717c462a206ad854c5027a64a",72,71,0.0417,3.99
fdb9095204a334cd8872252ffec6f2db,45,45,0.0667,4.17
"06df0c10d34e459d9672bc77388742eb",26,26,0.0385,4.35
b1ac6ea7895bc3dd6f0f6f4abbdd2821,38,38,0.0000,4.53
"1025f0e2d44d7041d6cf58b6550e0bfa",879,872,0.0819,4.04
"271c58a1d139c45eaf3316107c6d3a3b",27,27,0.0741,4.19
cc63f0dd2acba93ffed4fe9f8e0321fa,55,55,0.0000,4.09
"080102cd0a76b09e0dcf55fcacc60e05",120,120,0.0417,4.54
"080199a181c46c657dc5aa235411be3b",79,78,0.0127,4.62
"373ee4a3a775a733770ca3f790b8b9ac",13,13,0.0769,3.92
"06579cb253ecd5a3a12a9e6eb6bf8f47",60,60,0.0667,4.17
f214d28e8d8e3ef068748498ccc2f813,51,50,0.0784,4.26
dc4a0fc896dc34b0d5bfec8438291c80,211,211,0.0664,3.87
d921b68bf747894be13a97ae52b0f386,76,76,0.0132,4.61
e06f09ec0a4aca210779cf1cfc63cf19,29,29,0.0690,3.95
c2d70ce2c5d0a2eb75e78668236e6dc8,13,13,0.0000,4.62
eb5b6204dde3a6e03b5f1bb8479f055b,19,19,0.0526,3.95
fe2032dab1a61af8794248c8196565c9,288,284,0.0903,4.42
"7901646fdd36a55f564ffaf2dbccaaf7",22,22,0.0909,4.50
d1c281d3ae149232351cd8c8cc885f0d,192,191,0.0729,3.93
"12b9676b00f60f3b700e83af21824c0e",133,132,0.0075,4.54
e882b2a25a10b9c057cc49695f222c19,57,57,0.0000,4.58
"00fc707aaaad2d31347cf883cd2dfe10",98,98,0.0408,4.08
f12ff17ad8bbf01ec5c33b17e506649b,28,28,0.1071,3.86
"56642bcb79900e777d68e91915cb4267",48,48,0.0833,4.06
"640e21a7d01df7614a3b4923e990d40c",105,105,0.0476,4.41
"4ba52dfeba874da5b9ee7b17c7494f04",11,11,0.0909,4.36
"70a12e78e608ac31179aea7f8422044b",307,305,0.0945,3.80
f41ce2e25237f9092cd8e6e7516c7a2f,26,26,0.0000,4.42
"33cbbec1e7e1044aaf11d152172c776f",15,15,0.0000,4.73
"23c38debaffe4a25a30fdbd9b586a13f",40,40,0.1250,4.35
"575df70bde3f9f2b30bf8d2e9910d725",25,25,0.0400,4.24
"6338ea67c41078a46ad99cc009654956",36,34,0.0000,4.62
"6b90f847357d8981edd79a1eb1bf0acb",45,45,0.0000,4.36
c731d18cea9bf687ffee82a241c25b11,20,20,0.0000,4.70
"6d22a1fcebb6dd08c9cd90b92a93e8d0",11,11,0.0000,4.36
"8d79c8a04e42d722a75097ce5cbcf2ef",25,25,0.0800,4.56
"822bad9bc42b51213ba522fe87b7ab5d",17,17,0.2941,4.24
ede0c03645598cdfc63ca8237acbe73d,43,42,0.3256,3.57
"916748bc99315c2d202898ae58b1617e",25,25,0.0000,4.28
"7bac63f6603d382cc8d0832eb6c100a8",19,19,0.1053,4.00
"7c4618c82226628831613e95e9c22f44",12,12,0.0833,4.25
d9442042130b7fe579d1295f9f4a248f,19,19,0.0526,4.37
dbdd0ec73a4817971d962698f2fea022,16,16,0.0625,4.38
e3a386fc36e22064434e1fa256f6a9fa,16,16,0.1250,4.19
bd15ee794d5e640d9dd71b665b2ab15b,11,11,0.1818,4.00
"55d3daac7c404d59e51c2aa2f4dc5a23",21,21,0.0000,4.10
b4a476fbd28de64b1e347abf9089366a,29,28,0.0690,4.11
"820cc752a266cdc6c1a1e61dd4583330",15,15,0.0667,4.13
"1554a68530182680ad5c8b042c3ab563",242,240,0.0620,4.37
af4a0e4cfe1d9c26b6712b1be25a72e5,19,19,0.0526,3.63
"54965bbe3e4f07ae045b90b0b8541f52",72,68,0.3056,3.18
"9add47bf45ce8e8c7db6b9cf670b1e09",40,39,0.0250,4.21
aac51c486b672a9850d59f3e84b1cf88,10,10,0.0000,4.80
"1dc2de47ee26a0a5b12dc14fd6dc0dea",24,24,0.0417,4.54
"744dac408745240a2c2528fb1b6028f3",77,77,0.0130,4.62
f0b47fbbc6dee9aafe415a6e33051b3f,64,64,0.1094,4.31
d50d79cb34e38265a8649c383dcffd48,68,67,0.0441,4.24
d03698c2efd04a549382afa6623e27fb,17,17,0.0588,4.71
e21a1e8be4715b0fcfd5385643bc49c4,19,19,0.0000,3.84
"6481e96574816ead57975da2c0f6d80d",31,31,0.0323,4.26
d673a59aac7a70d8b01e6902bf090a11,70,70,0.0857,4.10
"50c9975695009e5e6473912e83a6d1da",49,48,0.1429,3.96
"6bbcb8924baf70b7fe2fe2097e8cd407",10,10,0.0000,4.50
"53e4c6e0f4312d4d2107a8c9cddf45cd",444,443,0.0495,4.14
"76d5af76d0271110f9af36c92573f765",125,124,0.0960,4.18
"2a84855fd20af891be03bc5924d2b453",153,152,0.0261,4.38
"49e7217cfe4e427191c378ec626d8737",12,12,0.0000,4.08
"1d503743d2526f03f0c2c89540ee008c",12,12,0.0833,3.92
"17306570e772e7718c92a562d33f5f1d",26,26,0.0769,3.73
bba74270a87732727b5a3b4fd9ac1c39,35,35,0.0000,4.06
"76ea5315acb3f5f7ade3cd261faf922a",13,13,0.0769,4.46
ed8cb7b190ceb6067227478e48cf8dde,14,14,0.0714,3.57
f3b80352b986ab4d1057a4b724be19d0,86,86,0.0000,4.21
"3771c85bac139d2344864ede5d9341e3",26,26,0.1154,3.85
cce6ab8d1682639fe45ab70234f1665f,61,61,0.0328,4.51
"113e3a788b935f48aad63e1c41dac1bd",39,38,0.0513,4.32
d3674f271c91f824f82d24d92011f669,20,20,0.1000,4.10
ce27a3cc3c8cc1ea79d11e561e9bebb6,122,117,0.0164,4.19
"3340ef1913fb70d28420f6ceb685c339",30,30,0.0333,4.40
f615fe7efbef0f4f08fd3086bc7a3e60,19,19,0.1053,4.63
"5b0cc932433fa5184b5b94bfe6bcc256",12,12,0.2500,3.58
"4de6e4ba574aa9dfdc824bc44dc47fdd",14,14,0.0714,4.07
"817245bcc3badd82bbd222e0366951a6",28,27,0.0357,4.11
"5c6d4016c2a288f074fa0848a2b653d2",30,30,0.1000,4.13
"8e8a7ce9f2f970dc00e2acf6f6e199f6",63,63,0.0635,4.00
fe701d88b67eaca109dffd464d1be9f9,10,10,0.1000,4.30
f5f2ab9bdb6b30c14c61be68c5ed37da,18,18,0.0556,4.28
edb1ef5e36e0c8cd84eb3c9b003e486d,163,163,0.0736,4.45
c89cf7c468a48af70aada384e722f9e2,14,13,0.0714,4.00
"5c853bb56f70f4d14218944bae111d7a",20,20,0.0000,4.25
f3c38ab652836d21de61fb8314b69182,15,15,0.0000,4.27
d57e18d5f73c7ccb7f7339b61166898d,60,60,0.0000,4.45
e7f3bf1ecd8526eb7f3b18059e6716e5,16,16,0.0000,4.63
"1caf283236cd69af44cbc09a0a1e7d32",33,33,0.0909,4.61
c9aafcd0621b2207c10e32c649cada4d,38,38,0.0789,4.42
"5a93f3ab0ef4c84ed5e1b5dbf23978bc",38,38,0.0263,4.79
"39c763cca83e654764b7a4a650fb9b7c",11,11,0.1818,3.82
acadd4d36859671cb635527c6c977533,12,12,0.0833,4.25
"3504c0cb71d7fa48d967e0e4c94d59d9",52,52,0.0000,4.48
"1ce3ae5a399804d1a87e706f8a813c3e",35,35,0.0857,3.89
"503c1de08ae81a2d86f17951b204db55",22,22,0.0455,4.41
"9b00ed88b7fdb95d6ff76e27c1b52d16",45,45,0.0667,4.53
"822166ed1e47908f7cfb49946d03c726",62,61,0.0161,4.07
cd6efc47efaabf134f8bdb654e10b4f1,30,30,0.0667,4.47
c60b801f2d52c7f7f91de00870882a75,36,36,0.1667,3.58
"81f89e42267213cb94da7ddc301651da",45,45,0.0000,3.73
"88cf19ec1fc2c58f161aee259d57142c",14,14,0.0000,4.50
"8bd0f31cf0a614c658f6763bd02dea69",32,31,0.0313,4.26
"834f3294fba9f932f56edc879193f925",65,65,0.0615,4.55
bbad7e518d7af88a0897397ffdca1979,64,63,0.1719,3.32
"52d76513f0c4d97f3b99570e2c94ee31",18,17,0.0556,4.06
"02d35243ea2e497335cd0f076b45675d",12,12,0.3333,2.67
"2d42ebcda99fd55f6f4bc2f1ca035d50",10,10,0.0000,4.30
"659e8466eb3ff1b0e8740d74fb7bbedd",11,11,0.0000,4.36
c4fabeea6e569d42d02993bb1f4f1cbc,11,11,0.0909,4.00
"48162d548f5b1b11b9d29d1e01f75a61",64,64,0.0156,4.08
ec8879960bd2221d5c32f8e12f7da711,35,34,0.1714,4.29
"31344c16881c08a8a72c6d2eb29918c1",40,40,0.0500,4.50
"32b8764b4ef628b53608fc34011fcc13",35,35,0.0286,4.23
"26785a546900236d66f2e4197c211158",15,15,0.0000,4.67
"709e16e2b25c7474d980076c6bfc4806",59,59,0.0339,4.51
"527801b552d0077ffd170872eb49683b",90,89,0.1000,4.47
d17f467e4bf608a510c20d82f4ba3b6b,11,11,0.1818,4.27
"5d9dc90a686a8fddacffab6bab5653a3",12,12,0.0833,4.17
"013900e863eace745d3ec7614cab5b1a",23,23,0.0000,4.70
"6a8b085f816a1f75f92dbac6eb545f8f",123,123,0.0732,4.18
c864036feaab8c1659f65ea4faebe1da,58,58,0.0345,4.57
"0dd184061fb0eaa7ca37932c68ab91c5",156,155,0.1090,4.06
fd386aa7bed2af3c7035c65506c9b4a3,65,65,0.1077,4.35
"391fc6631aebcf3004804e51b40bcf1e",490,488,0.0857,4.10
d1c7fa84e48cfa21a0e595167c1c500e,11,11,0.0000,4.55
"2d50d6282f8aa2257819a77bfaa0efe0",39,39,0.1026,4.00
"157c3e4b42f81ac4a44e8b1ca2fe9876",18,18,0.1111,3.94
bbaff50f3b708fda865918715276cd87,11,11,0.1818,4.73
"3df020b72d3d44b3af9d110fa3940b65",53,53,0.0943,4.02
d4f117125b59ce73c3302f88ee40c458,17,17,0.0000,4.82
f76a3b1349b6df1ee875d1f3fa4340f0,23,23,0.3043,3.39
"6560211a19b47992c3666cc44a7e94c0",1788,1774,0.0531,4.00
"855668e0971d4dfd7bef1b6a4133b41b",296,292,0.1284,3.88
"0bf0150d5b9d60d9cd2906003332f085",39,38,0.1538,3.79
"23613d49c3ac2bd302259e55c06c050c",62,61,0.0968,4.00
"655220df33262c7e0c4949a147366f94",13,13,0.1538,4.08
"4e922959ae960d389249c378d1c939f5",411,407,0.0900,3.97
"0432ead42b6c8a0bdf68154add917fdf",78,78,0.0256,4.62
"3db66a856d18a9cba7c9241fc5221c50",93,93,0.1075,4.22
f5b44895715ddfe3087dc414f30268f3,19,19,0.0000,4.00
"751bdc4d83a466c7206cd42e8f426b03",49,47,0.0204,4.02
"2bf6a2c1e71bbd29a4ad64e6d3c3629f",30,30,0.0667,4.17
a425f92c199eb576938df686728acd20,16,16,0.0000,4.50
"43f8c9950d11ecd03a0304a49e010da6",41,41,0.0488,4.56
"4992e76a42cb3aad7a7047e0d3d7e729",52,52,0.0577,3.94
"729b2d09b2a0bdab221076327f13d050",48,48,0.0417,4.56
f4aba7c0bca51484c30ab7bdc34bcdd1,107,107,0.0561,3.94
"5b85809efd0d0e4dea1a9544e1280ed9",12,12,0.0000,4.25
"8a32e327fe2c1b3511609d81aaf9f042",124,123,0.0323,3.97
"6c7d50c24b3ccd2fd83b44d8bb34e073",102,102,0.0196,4.60
be8e909810184b9b19e886129149d8e5,15,15,0.1333,3.73
"93b9a99027bd8bd6af682aff18dd19bf",18,18,0.0000,4.11
dee656f0f566ed1aa85bd137c943f08f,89,89,0.0449,4.39
b9ca8e8baa5d4aa038394a700f63e69f,14,14,0.0714,4.21
dd7ddc04e1b6c2c614352b383efe2d36,114,113,0.1316,3.92
b347677812ea483b0f528eaf8cbc09b7,20,20,0.0000,4.60
e5a38146df062edaf55c38afa99e42dc,119,118,0.0756,4.00
"821fb029fc6e495ca4f08a35d51e53a5",24,23,0.3333,3.48
"7357b52d27cbaa90f81a96cbc1279396",12,12,0.0833,4.33
b2a6d334e2833acea353624840e25a0e,24,24,0.0000,4.63
"1ca7077d890b907f89be8c954a02686a",106,105,0.1698,2.39
"562f8cfc51f265411f487d07e9c40e7f",13,13,0.0769,4.54
"411f3b52d857390502ee4e4d5ceabc2d",20,18,0.1000,4.06
"3ca08eeb8d5595949fed424bd3677742",13,13,0.0000,4.69
"8e6cc767478edae941d9bd9eb778d77a",99,97,0.0606,4.07
a1474fd46fd3430168f7ec202da39408,12,12,0.1667,4.33
"851773c885feb5e2da3b4f82bc2b17ce",10,10,0.2000,4.20
"30a2f535bb48308f991d0b9ad4a8c4bb",66,66,0.0303,4.48
"5d0363b33554b373851fc1622e4d5f3c",90,90,0.0778,4.13
adbc26658d6c7b4b6219f9d934598091,86,86,0.1395,4.12
a49928bcdf77c55c6d6e05e09a9b4ca5,93,93,0.2258,3.09
"6c177e38df6d3f34182b1f1d427231bf",53,53,0.0189,4.15
fe49ee029e61e789a1f3a5525f57ba8d,16,16,0.0625,4.25
"712e6ed8aa4aa1fa65dab41fed5737e4",77,76,0.2078,3.39
"582d4f8675b945722eda7c0cb61ba4c7",53,53,0.0189,4.25
"5b51032eddd242adc84c38acab88f23d",11,11,0.0000,4.27
"31561f325664a8a7aba4c8d0c3a9b3db",35,35,0.0000,4.69
"17f51e7198701186712e53a39c564617",55,55,0.0909,4.35
"87b740daf17b5d1be335a64164ec6842",10,10,0.1000,4.00
d6b1ce66b035a475f00c017792ff9769,88,87,0.0568,4.36
"7b0df942f46435babab05d49b744b2c4",32,31,0.0938,4.39
"7aa4334be125fcdd2ba64b3180029f14",211,210,0.1185,4.14
a5cba26a62b8b4d0145b68b841e62e7f,53,53,0.0189,4.57
"08d0949a9a17c027262db1f3c450c26c",10,10,0.0000,4.00
ececbfcff9804a2d6b40f589df8eef2b,95,95,0.0947,4.13
d1b9d4be4b6f9ebd85f8acd6745ba612,10,10,0.0000,4.50
"4bfc7a4a1cf8d4d2121c27422d9e50b5",24,24,0.0417,4.50
"1d8dbc4f32378d715c717c1c1fc57bae",87,85,0.0920,4.16
cd06602b43d8800bd0afad514919d35c,41,41,0.0488,3.83
"1e8b33f18b4f7598d87f5cbee2282cc2",117,115,0.0342,4.47
"9d5604a1f112324ad6b2aa552122e0fb",13,13,0.0000,3.54
de722cd6dad950a92b7d4f82673f8833,335,334,0.0358,4.32
"2d518637f53161b973e01f56ea4bb88e",13,13,0.0000,4.92
"00ee68308b45bc5e2660cd833c3f81cc",130,129,0.0769,4.33
eed78ac17f7f795a19a709745f00cd4e,20,20,0.0000,3.75
c84592044b180dec206770c38603814b,14,14,0.0000,4.43
"334cab711dee080b079fa5779b584783",10,10,0.0000,4.90
"2a1348e9addc1af5aaa619b1a3679d6b",45,44,0.2889,3.27
"51702dc2a3e106c76dbff722b5bf0726",13,13,0.0000,4.31
"0241d4d5d36f10f80c644447315af0bd",224,223,0.0491,4.46
"58f1a6197ed863543e0136bdedb3fce2",41,41,0.0244,4.22
"78c99c6dff4eeae5be99bf635ed21e3f",30,30,0.0667,4.53
b64d51f0435e884e8de603b1655155ae,16,16,0.1250,4.44
f4c4daa86e30c7e5a553a8d518ac03a5,18,18,0.0556,4.00
dfc475d54e1b6dbeeb7d7d9bdaa63827,17,17,0.0000,4.71
"1771297ac436903d1dd6b0e9279aa505",28,27,0.0357,4.63
"42b729f859728f5079499127a9c2ef37",101,100,0.0792,4.51
f27e33c6d29b5138fa9967bcd445b6d5,91,91,0.0879,4.08
"5f2684dab12e59f83bef73ae57724e45",67,67,0.0597,3.79
e63e8bfa530fb16910dd6956e592bb81,36,36,0.0556,4.33
cb8bcce248bb1fb274ba762d8b971456,65,65,0.0154,4.32
"2e90cb1677d35cfe24eef47d441b7c87",126,126,0.1270,4.11
"1da3aeb70d7989d1e6d9b0e887f97c23",254,253,0.0472,4.17
"6bb0724edf0b62fb91ac404873a97241",17,15,0.0588,4.47
"392e0502231ae2f8b29994ef6398cd77",17,17,0.1176,4.35
aba1721a889e04decc910aa13b768ef4,81,81,0.0741,4.44
c003204e1ab016dfa150abc119207b24,194,194,0.0515,4.48
c6a7539d424a8402232c2228d7a03c5e,10,10,0.1000,3.10
fcdd820084f17e9982427971e4e9d47f,16,16,0.1250,3.94
"1430239a858e7682bbc43b20758af153",17,17,0.0000,4.18
fffd5413c0700ac820c7069d66d98c89,53,52,0.1321,4.04
"3935fe5fe0f82787a9dcb8deb62be09d",16,16,0.1250,4.00
daeb5653dd96c1b11860f72209795012,38,38,0.0789,4.25
"97512d3fc193b2d1dfcdba0f9d1f0f8a",12,12,0.0833,4.25
"9df5750209b83567ec144eb299d7d634",11,11,0.0909,4.00
"0d85bbda9889ce1f7e63778d24f346eb",51,50,0.1176,4.20
a3dd39f583bc80bd8c5901c95878921e,34,34,0.0294,4.59
"325f3178fb58e2a9778334621eecdbf9",32,32,0.0000,4.56
cf2384dd2f1dddea3f838efed0945e65,16,16,0.0000,3.94
f5a590cf36251cf1162ea35bef76fe84,113,113,0.0708,4.27
a369d693961cb93b61ca2cc518872a85,10,10,0.0000,4.20
"83deb69e889cf80f82be1dc6d5f2d486",40,40,0.0500,4.33
"42bde9fef835393bb8a8849cb6b7f245",34,34,0.0294,4.35
"0509040ea3fe50071181bbc359eb7738",87,86,0.0460,4.48
b4f8921fcc4ff77b66bea6dda43dcd51,17,17,0.0588,4.53
"679769a98cfcc6da877c8486ff1c13f3",21,21,0.0000,4.57
d1b65fc7debc3361ea86b5f14c68d2e2,39,39,0.0256,4.64
"3ade81dab5a172b88e1871c28ae05260",27,26,0.1111,4.23
"4324dd16853115efb0fd9d0d131ba6f4",11,11,0.0909,4.09
"87d30a6a0cbf89356e49324971ab1d24",17,17,0.0588,4.35
"5f67c6082caacb26e431a7b17940cece",13,13,0.2308,3.54
"18e694e0e48ed6f7aa3f24aade5fd697",31,31,0.0323,4.68
"46dc3b2cc0980fb8ec44634e21d2718e",499,493,0.0581,4.30
"7ddcbb64b5bc1ef36ca8c151f6ec77df",324,321,0.0833,4.04
"6cd68b3ed6d59aaa9fece558ad360c0a",145,145,0.0138,4.46
b1aaae6b66ad3c40f54b389d7ea4bee0,14,14,0.0000,4.36
f8db351d8c4c4c22c6835c19a46f01b0,646,643,0.0433,4.30
"8ff1a9df749e454105c55cda13e79143",12,10,0.0000,4.00
"4c8b8048e33af2bf94f2eb547746a916",17,17,0.1176,3.59
fad44952713764836814be105382aee5,31,31,0.0000,4.35
d91fb3b7d041e83b64a00a3edfb37e4f,524,520,0.0382,4.14
"4e7c18b98d84e05cbae3ff0ff03846c2",80,79,0.0375,4.23
"05ff92fedb5be47920fea08e501238b9",57,57,0.0351,4.32
"827f8f69dfa529c561901c4f2e0f332f",91,89,0.0659,4.29
f45122a9ab94eb4f3f8953578bc0c560,179,179,0.0726,4.01
b1b3948701c5c72445495bd161b83a4c,14,14,0.6429,1.93
b17b679f4f5ce2e03ce6968c62648246,50,50,0.1600,3.98
"1bb2bdb95f4841f1bba2c0d2cd83d3c9",79,78,0.0633,4.63
"9c0e69c7bf2619675bbadf47b43f655a",137,136,0.0949,4.26
"6a38087bc8ad4f89ff453561005f6dea",15,15,0.0000,4.60
"33a6f4b1e7cdc205511e76ba1b6e0186",100,100,0.0200,4.46
"6df688df543f90e9b38f4319e75a9d88",39,39,0.0000,4.56
e067ad2c1c0b48758eb1b5228bcf7a68,54,54,0.0741,4.15
"6288c69c4ce638e59925e59193f98b16",20,20,0.0500,4.25
c273175f7c6c80fb02f051e2fc6d0d72,14,14,0.0714,3.79
"7b7f91e98f8c6def45a1407923304402",11,11,0.0909,4.18
"972d0f9cf61b499a4812cf0bfa3ad3c4",75,73,0.1200,3.08
e5e33c0d8e7e002f398f5dc4cbbb338f,26,26,0.0769,4.58
"3d5d0dc7073a299e31fa718ce1bc00b6",21,21,0.0476,4.43
"5cf13accae3222c70a9cac40818ae839",142,141,0.0211,4.56
"3586b8580d9c917874e053a1bb37b5ff",36,36,0.0278,4.42
"26d8a1c7c75d513045798992ead43aa2",34,34,0.0882,4.41
"55f7a3319d80f7fdf078b8f03e6725fe",22,22,0.0455,3.77
"4d6d651bd7684af3fffabd5f08d12e5a",357,356,0.0392,4.26
c847e075301870dd144a116762eaff9a,41,40,0.0732,4.20
cca3071e3e9bb7d12640c9fbe2301306,665,654,0.0481,3.97
"0afccdb8a34ee5c79f7c06faf2b4d56e",24,23,0.0833,4.09
"624f4ece8da4aafb77699233d480f8ef",46,46,0.0870,4.39
"5a8e7d5003a1f221f9e1d6e411de7c23",126,126,0.0397,4.20
"5f5b43b2bffa8656e4bc6efeb13cc649",26,26,0.0385,4.42
ba90964cff9b9e0e6f32b23b82465f7b,38,38,0.0526,4.42
"5058e8c1e82653974541e83690655b4a",59,58,0.1186,3.34
"6b15924333bd1a741595fe981ea04822",20,20,0.0000,4.70
"1d4587203296c8f4ad134dc286fa6db0",39,39,0.0256,4.36
f7ba60f8c3f99e7ee4042fdef03b70c4,213,213,0.1408,4.26
"276677b5d08786d5dce7c2149dcce48b",31,31,0.0645,4.03
afe0067131b73e40875c9b6c10bd2e21,45,44,0.0444,4.27
"0ffa40d54288e4f3499b8780dd0f144f",33,33,0.1212,4.48
b33aaadd1a8891d2dfef0c4c3bdf0371,16,16,0.1250,3.94
abcd2cb37d46c2c8fb1bf071c859fc5b,42,42,0.0476,4.38
"9d5a9018aee56acb367ba9c3f05d1d6a",65,65,0.0154,4.49
d32e3909cfb714fb2a6cb092c85b9c5f,10,10,0.2000,3.50
"9c690ceacd5c66731bf443ea810195cb",10,10,0.0000,4.30
e59aa562b9f8076dd550fcddf0e73491,69,69,0.0870,4.26
"2addf05f476d0637864454e93ba673d5",12,12,0.0000,5.00
"808d4348b916efa08e766ebad39f61eb",20,20,0.0500,4.60
d23019c84ffae2d5ef2270367b8605fc,37,37,0.0270,4.38
"05f51e13da97139648b8125c31e5f51b",57,57,0.1579,4.23
"900ba814c251a692506d7834c1218441",84,82,0.1429,4.24
"1900267e848ceeba8fa32d80c1a5f5a8",359,354,0.0919,3.97
"1fe5540d7c1c37a595fefbacd5570d9e",20,20,0.0500,4.30
b8bc237ba3788b23da09c0f1f3a3288c,45,44,0.0222,4.32
"47efca563408aae19bb7206c2d969ea9",10,10,0.0000,4.30
"5ab05b6d86d417796c69ffd6774ec832",10,10,0.1000,3.80
adcf50477d6a1f5d91bb9d54c4903cb5,16,16,0.1875,3.56
"7f7b8245c336066a1f9933c359f11d77",38,38,0.0263,4.55
"226b05fe067266c59c15dae208213d06",10,10,0.0000,4.50
d66c11a9572221d92fbb8c4897db5f9b,16,16,0.0000,4.56
"7a67c85e85bb2ce8582c35f2203ad736",1120,1112,0.0536,4.32
"903037660cf848a717166eb7a06d616e",42,42,0.1190,3.93
"232a6014e7b10cba61c6c2b2ea6bb4b0",32,32,0.0313,4.16
"79ebd9a61bac3eaf882805ed4ecfa12a",122,122,0.0492,4.20
"40d54b51e962dbe09cabbcfd33298dee",29,29,0.0000,4.10
"5b179e9e8cc7ab6fd113a46ca584da81",34,33,0.0588,3.67
c3acdfac4e3e97ff87529454fbc03642,12,12,0.0833,4.25
c8467937e403e76a8ee9f0ab13f6f5ef,30,28,0.1333,4.07
"02ecc2a19303f05e59ce133fd923fff7",20,20,0.0000,4.70
"77530e9772f57a62c906e1c21538ab82",297,297,0.0976,4.21
"2156f2671501a81034d7d07f217609d0",21,21,0.1429,4.00
"3a1a1fec38dd360f15fc912e821e169d",14,14,0.2857,3.79
cbd996ad3c1b7dc71fd0e5f5df9087e2,159,156,0.0818,4.21
f08c008c8a8d31417763738a1788a2a8,17,16,0.1765,3.75
"0a85ebe4e328db81ac9109781205e2f7",11,11,0.0909,4.64
"602044f2c16190c2c6e45eb35c2e21cb",45,44,0.1778,3.30
bb5bd94c8f59cc050072d2930c869cac,13,13,0.0000,4.31
"1b7e5006cb25dd23ce8686691013b121",11,11,0.1818,4.36
cb41bfbcbda0aea354a834ab222f9a59,11,11,0.3636,3.27
c6381d2d013342748761e906d45aff76,15,15,0.0000,3.87
"0bb738e4d789e63e2267697c42d35a2d",28,28,0.0357,4.64
"730937bf88cb151eb2eb849f642fc213",21,21,0.0476,4.57
cb3dd9ce66268c7a3ca7241ac70ab58c,48,48,0.0417,4.20
aafe36600ce604f205b86b5084d3d767,127,127,0.0394,4.40
a673821011d0cec28146ea42f5ab767f,116,113,0.1121,4.13
"9d7a1d34a5052409006425275ba1c2b4",13,13,0.0769,4.38
"0691148aee60ca47977c187804f935ae",46,46,0.0217,4.25
"2e13c71026e1a39ba5cc1b86dcb679aa",23,23,0.0435,4.52
"7d76b645482be4a332374e8223836592",168,166,0.0952,4.01
ffeee66ac5d5a62fe688b9d26f83f534,14,14,0.1429,4.21
ff1fb4c404b2efe68b03350a8dc24122,43,43,0.1395,4.16
"34d1ca11b242c0fee2c834ae8d788566",40,39,0.0000,4.33
e24d3429d294b2eb200b064ebb035879,19,19,0.0526,4.26
"7e3f87d16fb353f408d467e74fbd8014",90,90,0.0667,4.20
b494891378bd8f4560abe576c52deacd,19,19,0.0000,4.74
"4677a5437afda5fa7140b927b07be1cc",11,11,0.0909,4.36
ba143b05f0110f0dc71ad71b4466ce92,82,82,0.1220,4.49
"240b9776d844d37535668549a396af32",35,35,0.0286,4.34
"3ab971ce71839580d2ae5b4e40fe8044",35,34,0.0571,3.91
dd55f1bb788714a40e7954c3be6df745,35,35,0.1714,3.74
f46490624488d3ff7ce78613913a7711,80,80,0.1125,3.76
e49c26c3edfa46d227d5121a6b6e4d37,33,33,0.0000,4.61
"1a3df491d1c4f1589fc2b934ada68bf2",160,160,0.0375,4.27
"1835b56ce799e6a4dc4eddc053f04066",375,372,0.1147,3.77
"750303a20e9c56b2a6bc45cdce0b897d",53,53,0.0377,4.30
da7039f29f90ce5b4846ffc0fcc93beb,16,16,0.0625,4.75
"4b0fdb526525f9890eb145bf1534640e",17,17,0.0000,4.00
"768a86e36ad6aae3d03ee3c6433d61df",16,16,0.1250,4.63
df0f42bc4c2142eacf0eaf2cffd0cfbb,13,13,0.0000,4.38
cc5a78bbad32776dc4e3af205218368c,31,31,0.0323,4.45
"25cf099de44674fde97473224f9d59ab",50,49,0.0400,4.33
d4ffeb15b67e81ff9af2b4252d99fb7e,11,10,0.0000,4.30
"2dee2ce60de9709b1a24083217181a1f",54,54,0.0185,4.43
"4c18691b6037662be2df78a765d98ab5",62,62,0.0645,3.85
"11305281b50fff20ae8bb473f8e11876",34,34,0.1176,4.29
"557f22c76691849db52d2abccf0015d0",12,11,0.0000,3.27
"99eaacc9e6046db1c82b163c5f84869f",63,63,0.1111,4.00
de23c3b98a88888289c6f5cc1209054a,157,157,0.0764,4.31
aaed1309374718fdd995ee4c58c9dfcd,103,103,0.0291,4.09
c8b3445d737de6befde0c88ede534a5e,29,29,0.0345,4.41
"1690cada046eb7e92c12f98b1f8a8167",10,10,0.1000,4.90
"403aa86912527d730337ffcb0fb096ab",11,10,0.0000,4.00
"179d859f51292aac5c10806a356f7af9",18,18,0.0556,4.39
"1b4c3a6f53068f0b6944d2d005c9fc89",108,107,0.0463,4.27
"30829ded4523ab9224b93bc49a62c95f",18,18,0.0556,3.78
"3361277dc30b7cccdb0c286b24219756",29,29,0.0690,4.34
"669ae81880e08f269a64487cfb287169",159,158,0.0440,4.30
"4a3ccda38b2129705f3fb522db62ca31",61,61,0.0656,4.02
d8c7ba53e7e38711eaef8c2849d6d2e1,21,21,0.0000,4.48
"259f7b5e6e482c230e5bfaa670b6bb8f",132,131,0.0152,4.42
c3cfdc648177fdbbbb35635a37472c53,273,272,0.0147,4.51
"7142540dd4c91e2237acb7e911c4eba2",311,309,0.0740,4.08
e9511df20ccd82658a30c37b7fb343af,22,22,0.0000,4.32
e9d99831abad74458942f21e16f33f92,129,128,0.1008,3.95
db2956745b3a8e9f3785c99f34b5d25e,43,43,0.0930,3.91
e627629ba868740e287800f1a9be81c2,10,10,0.0000,4.90
"116ccb1a1604bc88e4d234a8c23f33de",59,59,0.0339,4.69
"3f8034bfc6b8b4135534975d49f04c63",11,11,0.0000,4.00
"53d00c40e32aeb924a84ce72b1af869d",16,16,0.1250,4.38
"082e0bf4cb865a6533b1e8e498cc0255",11,11,0.1818,3.27
e48cc16ab70bfa09e1401740dce0b3d7,13,13,0.0000,3.77
a066df7361163e7ddc5d7452dd17448b,15,15,0.2000,4.40
bd23da7354813347129d751591d1a6e2,83,82,0.0241,4.15
c31eff8334d6b3047ed34bebd4d62c36,116,115,0.1207,3.90
a7f13822ceb966b076af67121f87b063,73,72,0.0411,3.40
b14db04aa7881970e83ffa9426897925,74,71,0.1081,3.77
e256a62e0ac58c0edfba09966142d561,12,12,0.0000,4.42
"41da412d33e8da4f22baf55cb1bde82c",15,15,0.0000,4.67
abc015ebac1d283a323ca9db35ede4b9,12,12,0.0000,4.42
"01bcc9d254a0143f0ce9791b960b2a47",10,10,0.0000,4.40
a416b6a846a11724393025641d4edd5e,157,157,0.1083,4.22
"4c498c7345e89aebad651544829beca0",44,44,0.1136,4.43
"8e2b3afb420011ef0c88c9d5f11ea526",10,10,0.1000,4.50
"1464afc72f696af775557a821c2e253f",29,29,0.0345,4.24
"4830e40640734fc1c52cd21127c341d4",197,197,0.0508,4.25
"229c3efbfb0ea2058de4ccdfbc3d784a",118,117,0.0169,3.62
"9803a40e82e45418ab7fb84091af5231",11,11,0.0000,3.73
"0ed6ce5d87fd9c69eaacaeb778d67235",42,41,0.1429,4.39
bd4889b5e9133b35b66e42a8665cea5c,36,35,0.0000,4.40
"4b9750c8ad28220fe6702d4ecb7c898f",214,214,0.0607,4.37
"0887a9f087bcd5d9f6642b52f897fc6c",12,12,0.0833,4.42
"4ebdc7e6cd6102a022dadc49156d4ea8",28,28,0.0357,3.89
ca3bd7cd9f149df75950150d010fe4a2,67,67,0.0149,4.10
"5d3bb11474a06bdc23fb9e89f1164ee0",31,31,0.0323,3.90
f0837c8d71434931d9e38e7b79234797,22,22,0.0455,4.59
"2745f798279e0ed033addcc1474776d7",31,30,0.0968,3.93
"888faa8bfb0b159c37de6d898b961c31",17,17,0.0000,4.24
"723cd880edaacdb998898b67c8f9da30",10,10,0.1000,4.10
"165fc07beebdcb6190fba8a06db2a449",46,46,0.0870,3.96
b32be1695eb7ec5f10f72d9610a12527,44,43,0.0455,4.14
"6973a06f484aacf400ece213dbf3d946",77,76,0.1688,3.86
bc47d5d1490df2b36add65d733eafaba,18,18,0.1111,3.94
fa1c13f2614d7b5c4749cbc52fecda94,566,562,0.0936,4.39
d25aa0aaacb370e912f8cf6efeba38b3,16,16,0.0625,4.56
"1d29dfba02015238dfbe2449a5eaa361",12,12,0.0833,4.50
"59fb871bf6f4522a87ba567b42dafecf",123,123,0.0569,4.28
"070d165398b553f3b4b851c216b8a358",29,29,0.1379,3.31
"6ddc28b61be28373b4503a1f61cf98a9",10,10,0.1000,4.30
"6f229cc508fc6915ed5c499efd93baa4",13,13,0.1538,4.38
b839e41795b7f3ad94cc2014a52f6796,33,33,0.0303,4.09
f67efa3f0b6761102a7f8c6b7b571f5d,29,29,0.0000,4.59
e5475dcab1e07b63d7f6e902d8f5eda8,19,19,0.0526,4.11
"8f119a0aee85c0c8fc534629734e94fd",73,73,0.0411,4.34
"16090f2ca825584b5a147ab24aa30c86",397,395,0.0806,4.09
c33847515fa6305ce6feb1e818569f13,108,108,0.0370,3.90
"138dbe45fc62f1e244378131a6801526",44,44,0.0227,4.27
"412a4720f3e9431b4afa1476a1acddbe",21,21,0.0476,4.24
b6d44737c043328708f6749c2dbe50bd,56,56,0.0536,4.66
bacb1f0ed56ad24198f5810d2b3fe9a5,37,36,0.0270,4.31
"0db783cfcd3b73998abc6e10e59a102f",130,129,0.0385,4.22
"257e61d3251fb5efb9daadddbc2cf7ca",12,12,0.0000,4.75
d624126b9206f595fb3fbb6ba03b28a8,23,22,0.0435,4.32
d9a84e1403de8da0c3aa531d6d108ba6,51,51,0.0588,4.73
"2f4b0d3b9634b647d4edee577d7ebb7e",10,10,0.0000,4.90
"48efc9d94a9834137efd9ea76b065a38",33,33,0.0000,5.00
"1b8356dabde1d35e17cef975c3f82730",55,55,0.0182,4.22
c510bc1718f0f2961eaa42a23330681a,12,12,0.0000,4.25
"520b493b57809f446cb0a233bb3e25c7",62,62,0.0161,4.35
"52f0fe436a347ddad7ed5f9aa4e27eaa",17,17,0.1176,4.00
"33c51922b6e3c16b24a8f28e5833c99d",18,17,0.0556,4.24
f1ed6bd0a9b11b581f16c851c6a5a527,17,17,0.0588,4.41
"4da0e408c99d2fdc2126dc9fce518060",43,43,0.0000,4.40
e48b04bf1aa1ef711caebeb7aede6180,25,25,0.0000,4.48
db46ca7bce82b11f7e247539271fc390,15,15,0.0000,4.80
bccf933e006e9b94a6184af782963e77,45,44,0.0222,4.52
bc302730ea8cf49b5c74f579febb5bbf,11,11,0.0909,3.82
"52562a9f449c3dc3d53f5f5b9ed74903",14,14,0.0000,4.79
"318f287a62ab7ac10b703ac37435a231",51,51,0.0980,3.92
"4978a02ea9c8be7a9b5480680f40334e",17,17,0.0000,3.53
"02c988090b766852e088c69d7fb3b551",12,12,0.0000,4.58
b55638ad525e906c698fa2ce742c1742,11,11,0.1818,4.18
"91f848e9f4be368f4318775aac733370",60,58,0.0167,4.40
"49067458c68f7701fd334ce326accbe0",15,15,0.0000,3.67
"516e7738bd8f735ac19a010ee5450d8d",72,72,0.0278,4.69
"7ff588a03c2aeae4fbd23f9ae64b760d",14,14,0.0000,4.64
f457c46070d02cadd8a68551231220dd,169,169,0.0651,4.08
"3b15288545f8928d3e65a8f949a28291",95,94,0.0737,4.16
cd3d09fbe6e3e9ff0c0ac0c300e93ae7,12,12,0.0833,4.17
"34056b8b55c1775a22af2331670a799c",77,77,0.1169,4.04
de0c78824586e9a5f5f04fd84e25df39,13,13,0.0000,4.92
b16d3dadc47d4eb18be3d88bad0775ce,10,10,0.0000,4.30
"70c27847eca8195c983ed7e798c56743",75,75,0.0667,4.27
ffad1e7127fb622cb64a900751590acd,10,10,0.0000,4.80
"916c9de0b5ad957346eeeb12f332687e",22,22,0.0000,4.55
"5bffbafbb22daf6d3bfc216a46db8708",21,21,0.0000,4.76
"7ea5bfa6c340f58f8e71fc1f0412b0d6",92,91,0.0652,4.32
d566c37fa119d5e66c4e9052e83ee4ea,64,63,0.0000,4.68
"1b938a7ec6ac5061a66a3766e0e75f90",28,28,0.0000,4.54
"17908cf9b444ee34047cadd5c0f4a516",11,11,0.0909,4.55
"3c7c4a49ec3c6550809089c6a2ca9370",135,135,0.0593,3.71
"6d66611d7c44cc30ce351abc49a68421",160,158,0.0563,3.97
"2be17df1c49978426251562096c3cc09",15,15,0.0667,4.20
"966cb4760537b1404caedd472cc610a5",66,66,0.0303,4.11
ef990a83bbea832f36ebe81376335aa8,40,40,0.2250,3.75
"7b07b3c7487f0ea825fc6df75abd658b",90,90,0.0444,4.41
bf00385a5f7fc1ef39a13c2e9ee50a5f,28,28,0.0000,4.43
"960945e1a9535cbc0cd6ddd35fbe7ae8",27,27,0.0000,4.63
e6a69c4a27dfdd98ffe5aa757ad744bc,20,20,0.0000,4.45
c3e1abd72a42fe690fcd89cf5720fe29,13,13,0.0000,4.46
"54c04bdb5ec46762f8f08c7e8f86ed4a",17,17,0.1176,4.29
"376a891762bbdecbc02b4b6adec3fdda",57,57,0.0351,4.67
d06d019f72a04e5497a0b64190af170c,17,17,0.0000,4.53
"93dc87703c046b603023e75222018b45",32,30,0.0938,4.17
b4ffb71f0cb1b1c3d63fad021ecf93e1,139,139,0.0216,4.28
"2a261b5b644fa05f4f2700eb93544f2c",46,46,0.1739,4.00
ca4b77513ac2040591b0d8fae6958380,14,14,0.1429,4.50
"2953ce3a88f5e3c3b696d77fc9e4c8eb",14,14,0.0714,4.64
"8cc6a0e5738e61a87b03c78b2ba9db4b",23,23,0.0870,4.48
"4c03b9dd4c11ee2cb35c96c49efc9420",47,46,0.0213,4.17
e333046ce6517bd8bb510291d44f0130,66,66,0.0455,4.41
f3da5b2ff499efb8d4a6d371d175d7dd,75,74,0.1200,3.91
fde0cc9ea29c8ccfc0a2c22256a58c71,35,35,0.0286,4.49
caa9bc43a9fe8cf9c564ddd8a03cc4a6,13,12,0.0000,4.67
d98eec89afa3380e14463da2aabaea72,164,163,0.0244,4.41
"41c2bad7229b0c25e6becf179ebf63ff",20,20,0.0000,4.95
"5f1dc28029d2c244352a68107ec2b542",60,59,0.0167,4.47
"89f69225956f951295ca4c7fb1266553",11,11,0.0000,4.27
"8e6d7754bc7e0f22c96d255ebda59eba",77,77,0.1429,3.66
f918546be4bec7104d117789ba758b2b,20,20,0.1500,3.85
cab85505710c7cb9b720bceb52b01cee,199,198,0.0201,4.35
beadbee30901a7f61d031b6b686095ad,63,63,0.2381,3.94
"5343d0649eca2a983820bfe93fc4d17e",61,60,0.1148,4.17
"48436dade18ac8b2bce089ec2a041202",132,132,0.0758,4.14
dd2bdf855a9172734fbc3744021ae9b9,105,101,0.0571,3.87
"0d33a55da925bbf1ff02af5f6059fc7f",20,20,0.0500,4.40
"2a7dc43cecabf23403078e2188437d1d",50,50,0.0600,4.18
"897060da8b9a21f655304d50fd935913",298,295,0.1074,3.74
af3ef48d0e13835e529c29ac573c63e5,21,21,0.0476,3.76
"9646c3513289980f17226a2fc4720dbd",69,69,0.0290,4.45
"620c87c171fb2a6dd6e8bb4dec959fc6",717,711,0.0879,4.32
ea00f977a203ff88adf7057cb7806998,18,18,0.0556,4.28
"09f952a5f58d2285b0372551ae8f9b01",44,44,0.0682,4.07
"38e679b9e0064cd94c6f035707344dae",27,26,0.0370,4.12
f61c63d13f7cd800549d5acdd390ae72,26,26,0.0769,4.00
ed4311e67debd72b8610a5347a743087,25,24,0.0400,4.63
"87d3c3aeb3ead335511b3ce315eb341e",15,14,0.0667,3.50
"59417c56835dd8e2e72f91f809cd4092",18,18,0.0000,4.28
"17a053fcb14bd219540cbde0df490be0",122,120,0.0574,4.31
f181738b150df1f37cb0bd72e705b193,35,35,0.0857,4.46
"7a241947449cc45dbfda4f9d0798d9d0",55,54,0.0727,4.13
ac3508719a1d8f5b7614b798f70af136,99,98,0.0202,4.63
"85d9eb9ddc5d00ca9336a2219c97bb13",497,494,0.0221,4.23
"715bbd5ba4e6b74cb0d2f29eb45058b0",60,60,0.0833,4.45
"14d7985702e72162bbf13b6beb74ab2b",36,36,0.1111,4.36
ba5daa4041e1f15cdf34b76e3e18a450,15,15,0.0000,4.27
"57c764b4a836300be881e2ff86e449f9",27,26,0.1481,4.35
bbf9ad41dca6603e614efcdad7aab8c4,14,14,0.0000,4.50
e8b3a3a38279a82f0e5d006d5e5b7d2c,79,79,0.0380,4.05
"10076e5788b8ee532724bcd460baf762",22,22,0.0455,4.59
a6fe7de3d16f6149ffe280349a8535a0,50,49,0.1200,4.04
"5a05a16bb50629ee31afab8a6d4c2674",14,14,0.0000,4.21
ad781527c93d00d89a11eecd9dcad7c1,33,33,0.3636,3.36
f08a5b9dd6767129688d001acafc21e5,11,11,0.0000,4.27
"1838dd9b8977065acf51d95e0053ea7a",62,62,0.0323,4.37
c679fb69a36e1d8349e8c50a217b4d58,12,11,0.0833,4.36
"2a61c271b1ac763450d846849783e922",17,17,0.1765,4.12
ef0ace09169ac090589d85746e3e036f,125,125,0.0800,4.42
d51e0a403fe2e689ece6c73359d96e12,18,18,0.1111,4.22
abe42c5d03695b4257b5c6cbf4e6784e,49,48,0.1633,3.96
"238fac594e170b59c6d228f5a4f4f1d9",28,27,0.1071,4.11
"95e03ca3d4146e4011985981aeb959b9",168,166,0.0357,4.07
"37515688008a7a40ac93e3b2e4ab203f",221,219,0.0814,4.13
e0a366315b1b726b6c7832d664c0f530,42,42,0.0238,4.38
"66dc1b1632bd6a3e508510c5b3492107",35,35,0.0286,3.69
"6ec1a01e866584bb679eb9b098345919",29,28,0.2069,4.25
e26901d5ab434ce92fd9b5c256820a4e,196,196,0.0153,4.20
"7dc8c42cc750eeafea6c85712ffee9bf",40,40,0.0500,4.28
"921323538c9f1c4e816f2720eac02bea",15,15,0.2000,3.93
"65b081a070633e057c462abdd6fb9dd8",19,19,0.0000,4.32
a3a38f4affed601eb87a97788c949667,246,244,0.0447,4.44
"2709af9587499e95e803a6498a5a56e9",24,23,0.1250,3.91
"835f0f7810c76831d6c7d24c7a646d4d",40,40,0.2750,3.48
bce6a5ecf98e99fd2a8868b15c51f04b,14,14,0.1429,4.07
"67883baaae6134ee81b271a542613728",19,19,0.0526,4.11
a420f60ff1aa9acc80d0e42959f2b313,66,64,0.0758,4.00
"6c12e40690c335dbc2f68a4134d30dc1",16,14,0.0000,4.07
f00e21b1e91a79653163b7fd8f293ff1,31,30,0.0323,4.10
"0176f73cc1195f367f7b32db1e5b3aa8",35,35,0.1143,4.17
a938325a4b357fd23a6a4d5bb126408e,23,23,0.0435,3.96
"9f50216bfd01913736a55a11b55ea842",16,16,0.1250,4.44
"729f06993dac8e860d4f02d7088ca48a",91,90,0.0989,4.23
"7ad32824caee82087b3e2e5f33b1bf32",140,137,0.1357,3.93
"70eea00b476a314817cefde4aad4f89a",104,103,0.0673,4.41
bd0389da23d89b726abf911cccc54596,86,86,0.0698,4.21
"725c32fa80c2faacc4fc88450d27314e",88,86,0.0114,4.52
a888faf2d1baececa6baf9c3d603ee1f,53,53,0.0943,4.09
cfb1a033743668a192316f3c6d1d2671,128,127,0.1016,4.24
b76dba6c951ab00dc4edf0a1aa88037e,157,155,0.0318,4.22
b1a81260566c1bac3114a6d124413f27,49,49,0.0000,4.31
fa1a9dec3a9940c072684a46728bf1fc,51,51,0.0000,4.24
"634964b17796e64304cadf1ad3050fb7",257,257,0.0973,4.12
"9a84ba99f5367fdbd4598363496f1ea2",15,15,0.0000,3.80
d2374cbcbb3ca4ab1086534108cc3ab7,489,485,0.0552,3.86
d1ef48b38baca7e831711c4a0aeb398f,27,27,0.0741,4.56
"6aa3928696eab49a19a466e665a649fd",16,16,0.0625,4.69
"94144541854e298c2d976cb893b81343",68,67,0.0441,4.25
"058fd0aa2bfdb2274e05e1ae971dabb6",59,59,0.0678,4.44
"381c83fdca332ea6afd896da20bf6e4a",46,46,0.0217,4.39
b33e7c55446eabf8fe1a42d037ac7d6d,146,146,0.1164,4.22
"5670f4db5b62c43d542e1b2d56b0cf7c",21,21,0.0476,4.38
"681fce914360217db47784ae28905a96",19,18,0.1579,4.33
b499c00f28f4b7069ff6550af8c1348a,141,141,0.1348,4.26
e89c4adbe7b1d0819dbb636e16461cf1,24,24,0.1250,3.83
df560393f3a51e74553ab94004ba5c87,26,26,0.0769,3.88
"42ef3192a9ff87a22d1867b74b3ee205",23,23,0.0000,4.65
"5f3ae9136c875522250f8184f253413a",42,42,0.0476,4.64
b2ac621f0d0322434d04a12b078b9369,29,29,0.1034,4.41
"4aba391bc3b88717ce08eb11e44937b2",26,26,0.1538,3.96
"00720abe85ba0859807595bbf045a33b",12,12,0.1667,3.67
cbf09e831b0c11f6f23ffb51004db972,10,10,0.0000,4.40
aac29b1b99776be73c3049939652091d,92,91,0.0978,4.16
"25e6ffe976bd75618accfe16cefcbd0d",103,103,0.0291,4.51
fc906263ca5083d09dce42fe02247800,111,111,0.0000,4.41
"7e1fb0a3ebfb01ffb3a7dae98bf3238d",154,152,0.1169,4.18
"128639473a139ac0f3e5f5ade55873a5",520,514,0.0423,4.23
f97e2b0650c2068227e1d366140eb62f,16,15,0.0625,4.00
"21e83881401b92b49fb09a16d3852291",12,12,0.0000,4.83
"08084d990eb3f53af056ccbc1730c8a7",11,10,0.0000,4.40
"2e1c9f22be269ef4643f826c9e650a52",159,158,0.0629,4.28
"7586919161935337bf6b6d7ff5779648",11,11,0.1818,3.82
"382229d1e840115ffe3dbf5ff460e417",44,44,0.0682,4.25
d20b021d3efdf267a402c402a48ea64b,73,72,0.1918,3.88
dbc22125167c298ef99da25668e1011f,383,382,0.0261,4.35
bc2ac6b95e1accce9858528ee566c17e,18,18,0.0000,4.56
"817f85dbb65aa3e70831d90fe75cdf89",11,11,0.0000,4.55
"33576ec5412fb5905d876f12f33bfde6",31,31,0.0323,4.10
"0c7533c71df861ec58ad7ff999ed0e8d",58,58,0.0517,4.21
eeb6de78f79159600292e314a77cbd18,82,82,0.0366,4.44
f125f3a310c2e5f822d116147de1e474,16,16,0.1250,4.19
b6e1504972665f739dec4facb9943775,14,14,0.0714,4.36
"36890be00bbfc1cdb9a4a38a6af05a69",13,13,0.1538,4.23
"985c92cc412091f8529c12d7f23d3fef",12,12,0.0000,4.75
c9a06ece156bb057372c68718ec8909b,11,11,0.0000,3.36
"001cca7ae9ae17fb1caed9dfb1094831",194,191,0.0619,4.08
d6ab728cf30867cf3f1a2e216ae2f9b7,12,12,0.0000,4.42
"63ffcb71394dd8ea3872ed9ffda17c74",17,17,0.0588,3.18
"9dd59e43f0c9f0553244e8f9c2fb247e",10,10,0.1000,4.80
ffdd9f82b9a447f6f8d4b91554cc7dd3,18,18,0.0000,4.33
"5160d23075764e18e07c1f4a87fad743",30,30,0.0000,4.57
bf84056e679dbe9c69929847a40e338f,35,35,0.0571,3.77
"980640c45d7a4635885491d077167e4d",14,14,0.0714,4.64
"994f04b3718c2bab35c2adfa8afecd2a",46,46,0.0652,4.37
"01fdefa7697d26ad920e9e0346d4bd1b",127,126,0.0551,4.37
"2aa3443d7bf9d9bb11133f420d75e083",10,10,0.2000,3.00
ccf8813e5a7d6c84d865cd38bfc2b130,24,24,0.0417,4.67
edf96ef93ed595084bbcbd9224bd2894,25,25,0.0800,3.88
"0bae85eb84b9fb3bd773911e89288d54",130,130,0.0077,4.32
"5b581417df4480f632484ba681e53944",11,11,0.1818,3.73
c12b92bf1c350f3e6bf88d3596219c86,16,16,0.0625,3.81
"08633c14ef2db992c11f840f04fad4cd",71,71,0.0563,4.39
"37be5a7c751166fbc5f8ccba4119e043",269,266,0.0260,4.32
"3969863bb8af7f72580b3b1ffd3a17b3",10,10,0.0000,4.30
"7202e2ba20579a9bd1acb29e61fe71f6",51,50,0.0392,3.98
"7f2617c58d5d06806987308b45654351",22,22,0.0909,3.82
ce616e1913288884e7742faac9d981db,13,13,0.0769,4.54
e99e927c81e3f51739c94fcdfca9f10f,19,19,0.0526,3.89
ade45994b717ccee333492330fbf037b,10,10,0.0000,4.50
"41b86b552e54e3a7009596125aa8b167",10,10,0.0000,4.30
f4db9b37944bcb8873e6b456ee190bbf,21,21,0.0952,4.57
"718539d38d07dd351c76db862760e2e2",34,34,0.0000,4.62
"3b872fd4747f01cc56206f2934198618",25,25,0.1600,3.88
"014c0679dd340a0e338872e7ec85666a",14,14,0.1429,3.86
d97df38225e5abadaff1e72cb72b823c,27,26,0.1481,4.04
"18a349e75d307f4b4cc646a691ed4216",107,106,0.0561,3.65
"83e197e95a1bbabc8c75e883ed016c47",46,46,0.0217,4.80
"834f8533b2ecb6598dd004ff3de7203a",40,40,0.1500,3.93
f7496d659ca9fdaf323c0aae84176632,24,24,0.0417,4.54
"86ccac0b835037332a596a33b6949ee1",169,169,0.0237,4.28
"4e06067cc08b3f41d837768d392c3ee3",30,30,0.0333,4.20
"8d956fec2e4337affcb520f56fd8cbfd",208,208,0.0625,4.24
f0e103c63864d5405b958d984b6e94c9,11,11,0.0000,4.73
"02f5837340d7eb4f653d676c7256523a",30,30,0.0333,4.83
"15aac934c58d886785ac1b17953ea898",25,25,0.1200,4.24
ffc470761de7d0232558ba5e786e57b7,27,27,0.0370,4.44
b372ee768ed69e46ca8cdbd267aa7a38,63,63,0.0000,4.44
"33a17d60c64393351ebf1ef860f4e0f2",42,42,0.0238,4.64
e9779976487b77c6d4ac45f75ec7afe9,631,628,0.0618,4.29
ce7d1888639e6fb06b2749cbfdac1ff7,73,73,0.0959,4.32
"1c129092bf23f28a5930387c980c0dfc",185,184,0.0486,4.36
"1a932caad4f9d804097d7f8e615baed1",20,20,0.1500,3.90
"0725b8c0f3f906e58f70cbe76b7c748c",15,15,0.2667,3.83
"2eb70248d66e0e3ef83659f71b244378",185,182,0.1135,2.78
"1c68394e931a64f90ea236c5ea590300",132,132,0.0379,4.00
"7d456afc660226829370f3173d14520c",50,50,0.0400,4.42
"6b536a23086fba0d58c08d68814397f6",18,18,0.0556,4.11
efcd8d2104f1a05d028af7bad20d974b,40,40,0.0250,4.43
"1b8b75e227c9a9c100d0c210fb6176ce",15,15,0.0667,3.93
"5bc55dbe2f12b6af6d83ed46023e0dc8",14,14,0.2857,2.50
"0b35c634521043bf4b47e21547b99ab5",43,42,0.1860,3.48
"4371b634e0efc0e22b09b52907d9d469",98,97,0.0714,4.54
a23266650e7c84bb93fbbba502137478,11,11,0.0000,3.82
"1fdc574883ef3b33ad41562d93f3a74a",18,18,0.0556,4.44
"79ed755314cfe6df0daef2c6cd3022cd",23,22,0.0000,4.73
"430315b7bb4b6e4b3c978f9dfa9b0558",19,19,0.0526,3.95
"8b2492b7ff4468839593fafeed55bad9",29,29,0.0690,4.17
"9bcdfa7b615b3abb9461d9e3ad9886ae",14,14,0.0714,4.43
"5b8154610ebb21fb90eb587365e673df",37,37,0.1081,4.16
c35672b10ad50968f567ea3f4b91e877,18,18,0.0556,4.50
"6f83d9e4da896daae20b9b6b2d3ff8d2",10,10,0.0000,4.70
a2b5b6105ea5942300631d2e76f4ffe0,16,16,0.0625,4.75
"7c1fea10b5b006671d608b1d7c446ec4",12,12,0.0833,4.00
"3c487ae8f8d7542beff5788e2e0aea83",30,30,0.0333,4.20
"0be8ff43f22e456b4e0371b2245e4d01",150,150,0.0667,4.09
e62b2d6ac10570a035a30bafcf01d263,60,57,0.1167,4.00
dd533b429f380718b70ad9922c294bae,36,36,0.1111,4.03
"04aba03279157f6d4e0fe8ccaf21963c",15,15,0.0667,4.53
"7a425d299613df3e613bcf9d2eaf5c49",18,18,0.0556,4.11
"0cbcee27c791afa0cdcb08587a2013a8",37,37,0.1081,4.00
bb7a14e229b1c95156719c3d9552eeee,10,10,0.1000,4.50
"31da954dc0855f2495c6310f70a2f931",28,28,0.0714,4.32
"52f9db5cfb423382a2fa5c9e39303202",21,21,0.0000,4.29
"1f1bb1f0859883505541bdd6606193e5",27,27,0.1111,4.33
"4e17c65a516f69d023a2ae78b84f28d6",61,61,0.0492,4.23
"6d988d6174a2c27441597174f8905515",18,18,0.1111,4.06
f7ccf836d21b2fb1de37564105216cc1,66,64,0.0758,3.88
cda598c48d7c614bc1cad7d8ff6f0010,16,16,0.0000,4.13
"870d0118f7a9d85960f29ad89d5d989a",43,43,0.0465,4.09
"9d681c7e12db302cb261e721040dde65",13,13,0.0000,4.92
"66e0557ecc2b4dbea057e93f215f68d8",30,30,0.2000,4.03
"9674754b5a0cb32b638cec001178f799",83,83,0.0241,4.13
"2528513dd95219a6013d4d05176e391a",147,144,0.0408,4.14
d94a40fd42351c259927028d163af842,93,92,0.0323,4.33
"5a425cc503b39b262a847fd6212bf53b",14,13,0.0714,4.46
"31ae0774c17fabd06ff707cc5bde005f",11,11,0.0909,4.00
"66fd84ee7528c0c0de85d0f44a73d5ab",11,11,0.0909,3.36
"5c243662ce92d84573bfaff24c3e3700",98,97,0.0102,4.14
"41ab63a91b8b264e8c8780368bf1dd5b",11,11,0.0000,4.55
acb6c2ca5c82411c1fdb88d5fd5eb95e,10,10,0.0000,3.90
"272f092de69afedd4d2969440b37f18f",24,23,0.0000,3.93
"1f9ab4708f3056ede07124aad39a2554",75,74,0.0533,4.14
b1fc4f64df5a0e8b6913ab38803c57a9,99,97,0.1212,3.98
"26e2c91ef821e1ff8985f408788fe35b",12,12,0.4167,3.00
cea729054f157f5870bdd321a958d994,21,21,0.0476,4.14
bfd27a966d91cfaafdb25d076585f0da,114,113,0.0526,4.32
ccc4bbb5f32a6ab2b7066a4130f114e3,181,180,0.0663,4.36
"4a1f694197d05fe70026b016a7316b41",13,13,0.0769,4.54
"9596c870880d900012f2e8e6e30d06d7",21,21,0.0476,4.29
fa40cc5b934574b62717c68f3d678b6d,299,298,0.0535,4.48
c6bda72e4dbf5c5866b13cb1810c6d03,55,55,0.0364,4.54
a8739afb32aaa45e01815ca76f76f54b,13,13,0.0000,3.77
"06bb3a2fe5e7b7a845b13e8fb91bd944",17,17,0.0000,4.59
bf100ecb7997df312b285358fb32f92c,20,18,0.0000,4.44
"048c2757535328e0d7dac690ad3c0aae",50,49,0.1200,4.24
"3a734b715d333a2588a3d54a0c9b8746",14,14,0.0714,4.64
ecccfa2bb93b34a3bf033cc5d1dcdc69,12,12,0.1667,2.83
"04aa0a1c5ce6b222003403a3e11c3cc0",11,11,0.1818,4.09
"23d7c96d4a1160db1c726b248601b25a",50,48,0.1000,3.93
"3dbbce181edfaa4a597ec858c382d2ec",17,17,0.0588,4.24
"7a2d2949aea47fab95fd98d6c9f618b1",11,11,0.0000,4.27
"1354d51653f645349064725ed204e85e",18,18,0.0000,3.89
"977f9f63dd360c2a32ece2f93ad6d306",17,17,0.1176,4.24
"59b22a78efb79a4797979612b885db36",123,122,0.1138,4.00
"8444e55c1f13cd5c179851e5ca5ebd00",90,90,0.0667,3.37
"04308b1ee57b6625f47df1d56f00eedf",92,92,0.0761,3.95
"0ebd97a106433a45a4aebe57c1799778",28,28,0.0000,4.75
"512d298ac2a96d1931b6bd30aa21f61d",10,10,0.0000,4.60
ec80e49e69745ab6c14f984bf2149423,12,11,0.0833,4.00
d4e4b5192cba4e0e66eb12a9d347239d,11,11,0.0000,4.45
f80edd2c5aaa505cc4b0a3b219abf4b8,110,109,0.0545,4.25
"7ecd59e5e20407131822c1a68ac59c1f",24,24,0.1250,4.42
f63d8f293af3a6454377546bd9dd19ff,17,17,0.0588,4.47
"2c4c47cb51acd5ea5db5e0ae0e26542a",11,11,0.0000,4.64
"9de4643a8dbde634fe55621059d92273",71,71,0.0282,4.56
"2a6fbeaa7ab9e5d59a35841a8da71ce4",28,27,0.0714,4.15
"0ea22c1cfbdc755f86b9b54b39c16043",219,216,0.0091,4.50
"670c26e0f1bf8d0576271d5cfaec6d2b",76,76,0.0526,4.36
f84fa566034f5e8e880a07ec624c56af,89,89,0.1011,4.25
"2646baaf662d4d92ac48f047e35db92d",15,15,0.0667,4.47
cfd7ddab722b902f7ac5b5f3ba6d723d,12,12,0.0000,4.75
"2059c39f76271d4ca3f15b5ffaccc8b8",12,12,0.0000,4.50
cee48807215b30a12ca2ca10ffb5f250,38,38,0.1316,3.82
b83cedfb587e7911540e3f576d6917ce,23,23,0.0435,4.17
f789d2c4f2c2eb38fc4373e7a4b35264,39,39,0.0513,4.31
"8ab42aa58097fd4668d60cc648225d5f",19,19,0.0000,4.37
d5ba419e26d246a0719437cf37d9b46d,32,31,0.0938,4.10
"6426d21aca402a131fc0a5d0960a3c90",23,23,0.0000,4.17
"4917cee8d902e13428c3ec4b1ca6f315",31,31,0.0323,4.16
b90e891671cffd9557f33a97dc523645,33,33,0.0000,4.30
"92eb0f42c21942b6552362b9b114707d",328,326,0.0488,4.04
"8a2d12a90e92f012ce5226fc6592b653",17,17,0.0000,4.59
a2e874074c877c5a05abae80ad6e488f,40,40,0.0500,4.25
"643214e62b870443ccbe55ab29a4dccf",65,65,0.1077,4.40
"6b333a05bf188ef3e1f1662a86bd9855",12,12,0.0833,4.33
"612170e34b97004b3ba37eae81836b4c",106,106,0.0094,4.43
b74d1c09cb380e1d03a6f859c6f4224b,27,27,0.1481,4.26
ea566164622c6b439516ab18062c42cd,50,50,0.1800,3.78
"7d13fca15225358621be4086e1eb0964",548,545,0.1168,4.08
"13074f016982ff2bd6c58ced8682f000",13,13,0.2308,4.15
"5debea795b07621e1f90532e18f96145",25,25,0.0000,4.36
"5a6a02f419701fc8c605af71d4fc57a4",10,10,0.1000,4.80
"8f2ce03f928b567e3d56181ae20ae952",151,150,0.1258,4.15
"6e386f64c84e482f0b9abf960797ee1b",29,28,0.0690,4.61
"8629c241b3622ac12cd4118afdc8d394",13,13,0.0769,4.08
"9f505651f4a6abe901a56cdc21508025",390,387,0.0410,4.38
"3481aa57cd91f9f9d3fa1fa12d9a3bf7",24,24,0.0000,3.83
"6039e27294dc75811c0d8a39069f52c0",62,62,0.1774,3.74
f8201cab383e484733266d1906e2fdfa,10,10,0.1000,4.10
"6b243f80ed07b10f0e8aa0f21a205f3c",77,77,0.0390,4.25
"8603f0038fe0e52fedd3382d266723de",10,10,0.0000,4.40
"13d058e4eeac2ce8217660b2f8a05812",22,22,0.0909,4.18
"596849622429351f47b32e6cae1055ff",11,10,0.0000,4.60
"7c5b05cbdb5542049f38d90d7815b97d",21,21,0.0476,4.52
"0885aaf116795758dfeb5f1032487bcd",23,23,0.0000,4.61
b56906f7fd1696e043f1bcce164c487b,39,39,0.0513,4.05
"0747d5bb69f0586cc869d8af4c50f93e",12,12,0.0833,3.75
eb4df17aed01d918c65f0f8d650900c0,11,11,0.2727,3.91
"431af27f296bc6519d890aa5a05fdb11",114,113,0.1404,3.84
d101c6da914ae3d53f7bee42283f2fe2,13,13,0.0769,3.62
"77e4abfd739aed9c46480f90f81c0eb4",17,17,0.0000,4.76
e5a3438891c0bfdb9394643f95273d8e,213,212,0.1596,4.02
"863d2ebcd347ce4922de7a0f9a5581d6",17,17,0.1176,4.06
"099095b050cfe8eb1ddff5317587e96e",16,16,0.1875,3.38
"2c9e548be18521d1c43cde1c582c6de8",123,121,0.1545,4.12
"6f892e20a171e98efe17fdb971ff319b",41,40,0.0976,4.15
ad420dd0c4f92f8af951ac24b86d0cf5,42,40,0.0714,4.13
"9dda5bbacd45e18d6485fee649205d09",17,17,0.0588,4.35
"066a6914e1ebf3ea95a216c73a986b91",64,64,0.0313,4.14
"989becdce12ebc39863c2bceab6f3ca1",15,15,0.0667,4.80
f62d7bb4a613ec758a03342d46b580b2,32,32,0.0938,4.38
acce39e832338debb07b02385cde5967,43,43,0.0000,4.53
ef2fbc2b607d8492bcffe657a4645434,17,17,0.1176,4.12
"6a0cbc8af2e8abd1bdfb777943d174c6",34,33,0.0882,4.03
f1fd5ab1181f827ffad998c1a5de7d74,15,15,0.0000,4.67
"81336a0f57a33776419727a300249e90",15,15,0.1333,4.07
"98dac6635aee4995d501a3972e047414",82,81,0.0488,4.15
"25c5c91f63607446a97b143d2d535d31",147,146,0.0748,3.93
"4bf2f4ee540798a61f9636d12cd9cc80",29,29,0.0000,4.14
"28f10b1c5e5abb9d4857745bede6147c",28,28,0.1429,4.00
"05d2173d43ea568aa0540eba70d2ca76",62,60,0.0484,4.18
a13580f0e8f782b7a543885a0ef99f08,10,10,0.2000,4.40
"0ff83046c3fa22efee8ecf291888b191",10,10,0.0000,4.80
e1dc0754bada9ee4cfe9713f22f61292,12,12,0.0000,3.83
d354c38a7182125a748cb10474fe963b,17,16,0.0588,4.38
bb135baca94c82fcb731335ad5b04a03,16,16,0.0000,3.13
"218f991754f360af9c2daa5e0b8e990c",14,14,0.1429,3.64
"54065e9aef7e9e9c2dc23b7594db021a",12,12,0.0000,4.33
e9c6969d40e6a3d2d0f90013165c2b98,10,10,0.0000,4.40
f4a04f7be452aa3bb31760bf00055dd0,18,18,0.0000,4.67
"65febd49fd28ec955651299159b1f527",33,33,0.0000,4.45
"06a2c3af7b3aee5d69171b0e14f0ee87",388,384,0.1907,4.02
b2479f944e1b90cf8a5de1bbfde284d6,98,97,0.1224,3.48
a44fb5a447105f8469bdf16bf9159f25,19,19,0.2105,4.05
"7fc87cc3e89b3d1d5cabdca32f8485aa",14,14,0.2143,3.57
b080809eaacb49e5ca07290981472431,11,11,0.0000,4.82
"768de2a4fc06aacecb9a586ccc30746a",13,13,0.0000,4.38
"81a1104df0f08b59c68aa5b03cfe398e",72,70,0.0417,4.31
bc07d855eac23aab5ac8a120f21d16b2,11,11,0.1818,4.45
"96804ea39d96eb908e7c3afdb671bb9e",36,36,0.0278,4.22
e81e1f9c3e762e620f3fb60a51499e16,17,16,0.0588,4.00
da8622b14eb17ae2831f4ac5b9dab84a,1272,1267,0.0668,4.22
"8a130737016f838139d31878787a39c9",56,56,0.0714,4.45
"3c03b12bab54d8b37d79d914bfdb1aa0",36,35,0.1667,3.80
"9906e7aa42a3c067b7c9a564d01c4320",11,11,0.1818,4.55
e8f6dc8e6a1dcde89d20e3995c8d90b3,33,33,0.0909,4.00
"270297ead4c65a6cd2593960d2af6b21",16,16,0.0000,3.94
"562fc2f2c2863ab7e79a9e4388a58a14",248,246,0.0323,4.26
"8160255418d5aaa7dbdc9f4c64ebda44",355,351,0.1437,4.03
"8b8cfc8305aa441e4239358c9f6f2485",15,15,0.1333,4.20
"440dd6ab244315c632130ecfb63827b1",90,90,0.1333,3.92
"45213867cefbf2cd4c6177e10216a951",14,14,0.0714,3.86
"76d64c4aca3a7baf218bf93ef7fa768d",61,61,0.0328,4.33
ea8482cd71df3c1969d7b9473ff13abc,1116,1110,0.0860,4.05
"8476243f92442881ddd5b578975cf115",11,11,0.0909,4.00
"218d46b86c1881d022bce9c68a7d4b15",371,370,0.0889,4.21
e84ad2127668df3aafc6b73531a0beb8,19,19,0.0526,4.37
"6e864f5c4669eff3d98140a07cc50202",13,13,0.0769,4.46
"7681ef142fd2c19048da7430856b5588",56,55,0.0893,4.27
"4b5f66b7adcf57f1ecc0d3c07dd6b177",21,20,0.0476,4.30
"72c5da29406b4234927b81855e7b64f6",30,30,0.0333,4.23
d71d863e5ef30d94e440c11be17dcd8f,22,20,0.1364,3.25
c0563dd588b775f2e37747ef6ad6c92c,27,27,0.1111,4.44
fdaaf5bfda82b7b80535610c831b8d09,10,10,0.1000,4.20
"8bb48dc19fccaa8613b6229bf7f452a2",79,79,0.0253,4.48
"9e6229250fedbe05838fef417b74e7fb",67,67,0.0299,4.01
"289cdb325fb7e7f891c38608bf9e0962",103,103,0.0194,4.64
ce248b21cb2adc36282ede306b7660e5,60,60,0.0833,4.28
b8555308bfdb4ca1ed54325a58da9a97,26,26,0.0769,4.00
"891071be6ba827b591264c90c2ae8a63",82,82,0.1463,3.96
"53243585a1d6dc2643021fd1853d8905",348,346,0.0345,4.19
"6fc26fe110feebd80a433e1f012a84f9",35,34,0.1143,3.91
f52c2422904463fdd7741f99045fecb6,12,12,0.0000,4.25
"77a515caa36327151d1cc6c32a9f00e1",26,26,0.1154,4.42
"5b664594895aefb418afaee6d40a9a23",15,15,0.0000,4.13
c72de06d72748d1a0dfb2125be43ba63,21,21,0.0000,4.48
"2e1a7d075abe038c1b2743005fe42ff1",17,17,0.1765,4.41
cac876b37d3abcd6bd76caca30277996,26,25,0.0000,4.52
"14a08204d03bb6b6bde8029f801ae0eb",27,27,0.0000,3.96
d9e7e7778b32987280a6f2cb9a39c57d,11,11,0.1818,3.55
"94e93ce877be27a515118dbfd2c2be41",29,28,0.0000,4.04
"75d34ebb1bd0bd7dde40dd507b8169c3",57,57,0.1228,3.93
"094ced053e257ae8cae57205592d6712",18,18,0.0000,4.11
a1043bafd471dff536d0c462352beb48,694,692,0.0504,4.29
"8f54d64f28a993550aa7943f12572959",15,15,0.0667,3.73
cfe94489ddd337d1e29e12f2a7205d10,20,20,0.0500,4.30
"11bfa66332777660bd0640ee84d47006",76,76,0.1447,3.89
e2c92f9c1c7746d899d18f2e158bbff7,12,12,0.0000,4.58
"198c7ea11960a9844b544d9bcdca860c",25,25,0.0800,3.88
"7e93a43ef30c4f03f38b393420bc753a",315,314,0.0476,4.39
"213b25e6f54661939f11710a6fddb871",135,134,0.0741,4.09
"1127b7f2594683f2510f1c2c834a486b",108,108,0.0185,4.24
"5abb8ea023c77787f2c15da891c8d384",13,13,0.2308,3.92
"845e8036c3f7bf62099352f5ed910240",17,17,0.0000,4.12
"01cf7e3d21494c41fb86034f2e714fa1",59,58,0.0508,4.12
